COUNTRY_CODE,DATE,LOCAL_PRICE,DOLLAR_PRICE,DOLLAR_PPP
VNM,2019-07-31,65000.0,2.7979854504757,11324.041811847
VNM,2019-01-31,65000.0,2.8018449071081,11648.745519713
VNM,2018-07-31,65000.0,2.8212417804206,11796.733212341
VNM,2018-01-31,65000.0,2.8619862184356,12310.606060606
VNM,2017-07-31,60000.0,2.6393929396239,11320.754716981
VNM,2017-01-31,60000.0,2.6581605528974,11857.707509881
VNM,2016-07-31,60000.0,2.6905829596413,11904.761904762
VNM,2016-01-31,60000.0,2.6705240903527,12170.385395538
VNM,2015-07-31,60000.0,2.7510316368638,12526.096033403
VNM,2015-01-31,60000.0,2.8063610851263,12526.096033403
VNM,2014-07-31,60000.0,2.8261893546868,12513.034410845
ARG,2019-07-31,120.0,2.870504371539,20.905923344948
ARG,2019-01-31,75.0,2.0024028834601,13.440860215054
ARG,2018-07-31,75.0,2.7051397655545,13.611615245009
ARG,2018-01-31,75.0,3.960396039604,14.204545454545
ARG,2017-07-31,70.0,4.1255341093267,13.207547169811
ARG,2017-01-31,55.0,3.4683903515687,10.869565217391
ARG,2016-07-31,50.0,3.3478406427854,9.9206349206349
ARG,2016-01-31,33.0,2.3897025544472,6.6937119675456
ARG,2015-07-31,28.0,3.0651340996169,5.8455114822547
ARG,2015-01-31,28.0,3.2520325203252,5.8455114822547
ARG,2014-07-31,21.0,2.5707727620505,4.3795620437956
ARG,2014-01-31,21.0,3.0341340075853,4.541358803388
ARG,2013-07-31,21.0,3.8799076212471,4.6086320409656
ARG,2013-01-31,19.0,3.8179443383904,4.3504185846829
ARG,2012-07-31,19.0,4.1609635915686,4.3905257076834
ARG,2012-01-31,20.0,4.6366060044048,4.765058777
ARG,2011-07-31,20.0,4.8396854204477,4.920049200492
ARG,2010-07-31,14.0,3.5589450270099,3.75
ARG,2010-01-31,7.0,1.8428326971173,1.9553072625698
ARG,2009-07-31,11.5,3.0173827484421,3.2212885154062
ARG,2008-06-30,11.0,3.6429872495446,3.0812324929972
ARG,2007-06-30,8.25,2.6686074721009,2.4193548387097
ARG,2007-01-31,8.25,2.6709834075273,2.5621118012422
ARG,2006-05-31,7.0,2.2902012105349,2.258064516129
ARG,2006-01-31,4.75,1.550362295189,1.5079365079365
ARG,2005-06-30,4.75,1.6396272005523,1.5522875816993
ARG,2004-05-31,4.36,1.48,1.5034482758621
ARG,2003-04-30,4.1,1.4,1.5129151291513
ARG,2002-04-30,2.5,0.78,1.004016064257
ARG,2001-04-30,2.5,2.5,0.98425196850394
ARG,2000-04-30,2.5,2.5,0.99601593625498
AUS,2019-07-31,6.15,4.260105,1.0714285714286
AUS,2019-01-31,6.1,4.352045,1.0931899641577
AUS,2018-07-31,6.05,4.5154175,1.0980036297641
AUS,2018-01-31,5.9,4.706135,1.1174242424242
AUS,2017-07-31,5.9,4.527955,1.1132075471698
AUS,2017-01-31,5.8,4.27518,1.1462450592885
AUS,2016-07-31,5.75,4.3047375,1.140873015873
AUS,2016-01-31,5.3,3.743655,1.0750507099391
AUS,2015-07-31,5.3,3.922265,1.1064718162839
AUS,2015-01-31,5.3,4.318705,1.1064718162839
AUS,2014-07-31,5.1,4.814145,1.0636079249218
AUS,2014-01-31,5.05,4.4735425,1.0920886646243
AUS,2013-07-31,5.035,4.61986425,1.1049743964887
AUS,2013-01-31,4.7,4.900455,1.076156176211
AUS,2012-07-31,4.56,4.680156,1.053726169844
AUS,2012-01-31,4.8,4.93656,1.14361410648
AUS,2011-07-31,4.56,4.943724,1.1217712177122
AUS,2010-07-31,4.35,3.8369175,1.1651785714286
AUS,2010-01-31,4.35,3.9778702391294,1.2150837988827
AUS,2009-07-31,4.34,3.3724454114539,1.2156862745098
AUS,2008-06-30,3.45,3.3625730994152,0.96638655462185
AUS,2007-06-30,3.45,2.9487179487179,1.0117302052786
AUS,2007-01-31,3.45,2.7232578056857,1.0714285714286
AUS,2006-05-31,3.25,2.4389694791112,1.0483870967742
AUS,2006-01-31,3.25,2.4421400661256,1.031746031746
AUS,2005-06-30,3.25,2.4971187091817,1.062091503268
AUS,2004-05-31,3.25,2.27,1.1206896551724
AUS,2003-04-30,3.0,1.8,1.1070110701107
AUS,2002-04-30,3.0,1.62,1.2048192771084
AUS,2001-04-30,3.0,1.52,1.1811023622047
AUS,2000-04-30,2.59,1.54,1.0318725099602
BRA,2019-07-31,17.5,4.5964331678617,3.0487804878049
BRA,2019-01-31,16.9,4.5455156739601,3.0286738351254
BRA,2018-07-31,16.9,4.4029335521774,3.0671506352087
BRA,2018-01-31,16.5,5.1116825180458,3.125
BRA,2017-07-31,16.5,5.1015675725814,3.1132075471698
BRA,2017-01-31,16.5,5.1179453775648,3.2608695652174
BRA,2016-07-31,15.5,4.7818106094495,3.0753968253968
BRA,2016-01-31,13.5,3.3542039355993,2.7383367139959
BRA,2015-07-31,13.5,4.2825193902961,2.8183716075157
BRA,2015-01-31,13.5,5.2068267283772,2.8183716075157
BRA,2014-07-31,13.0,5.8551964868821,2.711157455683
BRA,2014-01-31,12.4,5.2474556187977,2.6815642458101
BRA,2013-07-31,12.0,5.2848303349261,2.6335040234089
BRA,2013-01-31,11.25,5.6437655203552,2.5759057409307
BRA,2012-07-31,10.08,4.9359743407683,2.3292894280763
BRA,2012-01-31,10.25,5.6786703601108,2.4420926232125
BRA,2011-07-31,9.5,6.1624286455631,2.3370233702337
BRA,2010-07-31,8.71,4.9071804839573,2.3330357142857
BRA,2010-01-31,8.2,4.7583125398944,2.2905027932961
BRA,2009-07-31,8.03,4.0208302037955,2.249299719888
BRA,2008-06-30,7.5,4.7330556607346,2.1008403361345
BRA,2007-06-30,6.9,3.6069001568217,2.0234604105572
BRA,2007-01-31,6.4,2.9997656433091,1.9875776397516
BRA,2006-05-31,6.4,2.7771750922109,2.0645161290323
BRA,2006-01-31,6.2,2.7415432235242,1.968253968254
BRA,2005-06-30,5.9,2.3937033430704,1.9281045751634
BRA,2004-05-31,5.4,1.7,1.8620689655172
BRA,2003-04-30,4.55,1.44,1.6789667896679
BRA,2002-04-30,3.6,1.55,1.4457831325301
BRA,2001-04-30,3.6,1.64,1.4173228346457
BRA,2000-04-30,2.95,1.65,1.1752988047809
GBR,2019-07-31,3.29,4.101314,0.57317073170732
GBR,2019-01-31,3.19,4.072992,0.57168458781362
GBR,2018-07-31,3.19,4.231535,0.57894736842105
GBR,2018-01-31,3.19,4.413046,0.60416666666667
GBR,2017-07-31,3.19,4.1114315,0.60188679245283
GBR,2017-01-31,3.09,3.728394,0.61067193675889
GBR,2016-07-31,2.99,3.940222,0.59325396825397
GBR,2016-01-31,2.89,4.2218565,0.58620689655172
GBR,2015-07-31,2.89,4.512446,0.60334029227557
GBR,2015-01-31,2.89,4.368235,0.60334029227557
GBR,2014-07-31,2.89,4.925138,0.60271115745568
GBR,2014-01-31,2.79,4.6267965,0.60335195530726
GBR,2013-07-31,2.69,4.0200705,0.59034381858083
GBR,2013-01-31,2.69,4.2481825,0.61592768383142
GBR,2012-07-31,2.69,4.1623715,0.62160600808781
GBR,2012-01-31,2.49,3.823395,0.5932498177365
GBR,2011-07-31,2.39,3.891637,0.58794587945879
GBR,2010-07-31,2.29,3.483548,0.61339285714286
GBR,2010-01-31,2.29,3.671328,0.63966480446927
GBR,2009-07-31,2.29,3.688274,0.64145658263305
GBR,2008-06-30,2.29,4.5704965,0.64145658263305
GBR,2007-06-30,1.99,4.0071635,0.58357771260997
GBR,2007-01-31,1.94,3.833731,0.60248447204969
GBR,2006-05-31,1.94,3.647976,0.6258064516129
GBR,2006-01-31,1.88,3.316132,0.5968253968254
GBR,2005-06-30,1.88,3.4404,0.61437908496732
GBR,2004-05-31,1.88,3.37,0.64827586206897
GBR,2003-04-30,1.99,3.08,0.73431734317343
GBR,2002-04-30,1.99,2.88,0.79919678714859
GBR,2001-04-30,1.99,2.85,0.78346456692913
GBR,2000-04-30,1.9,3.0,0.75697211155378
CAN,2019-07-31,6.77,5.1559346559537,1.1794425087108
CAN,2019-01-31,6.77,5.0848730659456,1.2132616487455
CAN,2018-07-31,6.65,5.0672457804701,1.2068965517241
CAN,2018-01-31,6.55,5.2572437595313,1.2405303030303
CAN,2017-07-31,5.97,4.6556967948218,1.1264150943396
CAN,2017-01-31,5.98,4.5098039215686,1.1818181818182
CAN,2016-07-31,6.0,4.6047582501919,1.1904761904762
CAN,2016-01-31,5.84,4.1441952881067,1.184584178499
CAN,2015-07-31,5.85,4.5359385903699,1.2212943632568
CAN,2015-01-31,5.7,4.6396158072525,1.1899791231733
CAN,2014-07-31,5.64,5.2511521809972,1.1762252346194
CAN,2014-01-31,5.54,5.0131209845263,1.19805370337
CAN,2013-07-31,5.53,5.2604042806183,1.2136064374543
CAN,2013-01-31,5.41,5.394356366537,1.2387244496387
CAN,2012-07-31,5.12,5.0223159546814,1.1831311380705
CAN,2012-01-31,4.73,4.6329399089084,1.1269364007605
CAN,2011-07-31,4.73,5.0007929375694,1.1635916359164
CAN,2010-07-31,4.17,4.0005756223917,1.1169642857143
CAN,2010-01-31,4.12,3.9737654320988,1.1508379888268
CAN,2009-07-31,3.89,3.3509928069949,1.0896358543417
CAN,2008-06-30,4.09,4.0755318618903,1.1456582633053
CAN,2007-06-30,3.88,3.683136361479,1.1378299120235
CAN,2007-01-31,3.63,3.0897561390816,1.1273291925466
CAN,2006-05-31,3.52,3.1415948949083,1.1354838709677
CAN,2006-01-31,3.52,3.0075187969925,1.1174603174603
CAN,2005-06-30,3.28,2.6252601248599,1.0718954248366
CAN,2004-05-31,3.19,2.33,1.1
CAN,2003-04-30,3.2,2.17,1.1808118081181
CAN,2002-04-30,3.33,2.12,1.3373493975904
CAN,2001-04-30,3.33,2.14,1.3110236220472
CAN,2000-04-30,2.85,1.94,1.1354581673307
CHL,2019-07-31,2640.0,3.8274737223632,459.93031358885
CHL,2019-01-31,2640.0,3.8881279547563,473.11827956989
CHL,2018-07-31,2640.0,4.0507572154113,479.12885662432
CHL,2018-01-31,2600.0,4.2908892868047,492.42424242424
CHL,2017-07-31,2550.0,3.8440955446179,481.1320754717
CHL,2017-01-31,2450.0,3.6414711543464,484.18972332016
CHL,2016-07-31,2300.0,3.5323749846418,456.34920634921
CHL,2016-01-31,2100.0,2.9361800297813,425.96348884381
CHL,2015-07-31,2100.0,3.2687368666822,438.4133611691
CHL,2015-01-31,2100.0,3.3466935464593,438.4133611691
CHL,2014-07-31,2100.0,3.7224802354026,437.95620437956
CHL,2014-01-31,2000.0,3.6903773410831,432.51036222743
CHL,2013-07-31,2000.0,3.9358069880253,438.91733723482
CHL,2013-01-31,2050.0,4.3455219925808,469.38726834737
CHL,2012-07-31,2050.0,4.1577933272488,473.714615829
CHL,2012-01-31,2050.0,4.0509831044363,488.4185246425
CHL,2011-07-31,1850.0,3.9978390059427,455.10455104551
CHL,2010-07-31,1750.0,3.3419268595436,468.75
CHL,2010-01-31,1600.0,3.1802822500497,446.92737430168
CHL,2009-07-31,1750.0,3.1902287849786,490.19607843137
CHL,2008-06-30,1550.0,3.1335287577075,434.17366946779
CHL,2007-06-30,1565.0,2.9710488846701,458.94428152493
CHL,2007-01-31,1670.0,3.0917337776544,518.63354037267
CHL,2006-05-31,1560.0,2.943673931503,503.22580645161
CHL,2006-01-31,1560.0,2.9842180774749,495.2380952381
CHL,2005-06-30,1500.0,2.5318592286269,490.19607843137
CHL,2004-05-31,1400.0,2.18,482.75862068966
CHL,2003-04-30,1400.0,1.95,516.60516605166
CHL,2002-04-30,1400.0,2.16,562.24899598394
CHL,2001-04-30,1260.0,2.1,496.06299212598
CHL,2000-04-30,1260.0,2.45,501.99203187251
CHN,2019-07-31,21.0,3.0502861458908,3.6585365853659
CHN,2019-01-31,20.9,3.0512285209571,3.7455197132616
CHN,2018-07-31,20.5,3.0957414678345,3.7205081669691
CHN,2018-01-31,20.4,3.1716417910448,3.8636363636364
CHN,2017-07-31,19.8,2.9171270718232,3.7358490566038
CHN,2017-01-31,19.6,2.8296711229174,3.8735177865613
CHN,2016-07-31,18.6,2.785265049416,3.6904761904762
CHN,2016-01-31,17.6,2.6836632002684,3.5699797160243
CHN,2015-07-31,17.0,2.7378728338594,3.5490605427975
CHN,2015-01-31,17.2,2.7690573935442,3.5908141962422
CHN,2014-07-31,16.9,2.7265540551442,3.5245046923879
CHN,2014-01-31,16.6,2.7432122023367,3.5898360064877
CHN,2013-07-31,16.0,2.6083696059732,3.5113386978786
CHN,2013-01-31,16.0,2.572181853257,3.6635103871014
CHN,2012-07-31,15.65,2.4497143304375,3.6164067013287
CHN,2012-01-31,15.4,2.4384450954002,3.66909525829
CHN,2011-07-31,14.65,2.2730799069046,3.6039360393604
CHN,2010-07-31,13.2,1.9477932387965,3.5357142857143
CHN,2010-01-31,12.5,1.8309116475275,3.4916201117318
CHN,2009-07-31,12.5,1.8294378503373,3.5014005602241
CHN,2008-06-30,12.5,1.8290898448932,3.5014005602241
CHN,2007-06-30,11.0,1.4464738911463,3.2258064516129
CHN,2007-01-31,11.0,1.414918384935,3.416149068323
CHN,2006-05-31,10.5,1.3082481933715,3.3870967741935
CHN,2006-01-31,10.5,1.3020671866668,3.3333333333333
CHN,2005-06-30,10.5,1.2686675366101,3.4313725490196
CHN,2004-05-31,10.4,1.26,3.5862068965517
CHN,2003-04-30,9.9,1.2,3.6531365313653
CHN,2002-04-30,10.5,1.27,4.2168674698795
CHN,2001-04-30,9.9,1.2,3.8976377952756
CHN,2000-04-30,9.9,1.2,3.9442231075697
COL,2019-07-31,11900.0,3.6876355748373,2073.1707317073
COL,2019-01-31,11900.0,3.7286542378192,2132.6164874552
COL,2018-07-31,11900.0,4.1404697867484,2159.7096188748
COL,2018-01-31,10900.0,3.8324683909258,2064.3939393939
COL,2017-07-31,9900.0,3.2436045292514,1867.9245283019
COL,2017-01-31,9900.0,3.3059231122428,1956.5217391304
COL,2016-07-31,8900.0,3.038579720041,1765.873015873
COL,2016-01-31,7900.0,2.4278558038047,1602.4340770791
COL,2015-07-31,7900.0,2.9163128945328,1649.2693110647
COL,2015-01-31,7900.0,3.3404087983831,1649.2693110647
COL,2014-07-31,8600.0,4.6545611993614,1793.5349322211
COL,2014-01-31,8600.0,4.3373117241066,1859.7945575779
COL,2013-07-31,8600.0,4.4768349817803,1887.3445501097
COL,2013-01-31,8600.0,4.850057100963,1969.136833067
COL,2012-07-31,8600.0,4.7659291483673,1987.2905834778
COL,2012-01-31,8400.0,4.5352698215587,2001.32468634
COL,2011-07-31,8400.0,4.7444224795256,2066.4206642066
COL,2010-07-31,8200.0,4.3886644009741,2196.4285714286
COL,2010-01-31,8200.0,3.9129604886429,2296.918767507
COL,2009-07-31,7000.0,3.3403321244512,1960.7843137255
COL,2008-06-30,7000.0,3.8918077446974,1960.7843137255
COL,2007-06-30,6900.0,3.5276073619632,2023.4604105572
COL,2007-01-31,6900.0,3.0812856552756,2142.8571428571
COL,2006-05-31,6500.0,2.5962613836076,2096.7741935484
COL,2006-01-31,0.0,0.0,0.0
COL,2005-06-30,6500.0,2.7924560725179,2124.1830065359
COL,2004-05-31,6500.0,2.3467144192965,2241.3793103448
COL,2003-04-30,0.0,0.0,0.0
COL,2002-04-30,0.0,0.0,0.0
COL,2001-04-30,0.0,0.0,0.0
COL,2000-04-30,0.0,0.0,0.0
CRI,2019-07-31,2290.0,3.9351473961869,398.95470383275
CRI,2019-01-31,2290.0,3.7728077762676,410.39426523298
CRI,2018-07-31,2290.0,4.0331102500881,415.60798548094
CRI,2018-01-31,2290.0,4.0279316834644,433.71212121212
CRI,2017-07-31,2290.0,4.0000349348029,432.07547169811
CRI,2017-01-31,2250.0,4.0589540526401,444.66403162055
CRI,2016-07-31,2250.0,4.1179377367814,446.42857142857
CRI,2016-01-31,2150.0,4.0168145726296,436.10547667343
CRI,2015-07-31,2150.0,4.0315019688731,448.85177453027
CRI,2015-01-31,2150.0,4.0105206215374,448.85177453027
CRI,2014-07-31,2150.0,4.001488926112,448.38373305527
CRI,2014-01-31,2150.0,4.283551163532,464.94863939449
CRI,2013-07-31,2150.0,4.311425276984,471.83613752743
CRI,2013-01-31,2200.0,4.3927081045465,503.73267822644
CRI,2012-07-31,1200.0,2.3951378701236,277.29636048527
CRI,2012-01-31,2050.0,4.0232366448169,488.4185246425
CRI,2011-07-31,2050.0,4.0650003470122,504.30504305043
CRI,2010-07-31,2000.0,3.8305737241795,535.71428571429
CRI,2010-01-31,2050.0,3.5188904337676,574.22969187675
CRI,2009-07-31,2000.0,3.4330638378221,560.22408963585
CRI,2008-06-30,1800.0,3.2666690864215,504.20168067227
CRI,2007-06-30,1130.0,2.178838274283,331.37829912023
CRI,2007-01-31,1130.0,2.2177083026681,350.93167701863
CRI,2006-05-31,1130.0,2.2177083026681,364.51612903226
CRI,2006-01-31,0.0,0.0,0.0
CRI,2005-06-30,1130.0,2.3774458236903,369.28104575163
CRI,2004-05-31,1130.0,2.6063891131357,389.65517241379
CRI,2003-04-30,0.0,0.0,0.0
CRI,2002-04-30,0.0,0.0,0.0
CRI,2001-04-30,0.0,0.0,0.0
CRI,2000-04-30,0.0,0.0,0.0
CZE,2019-07-31,85.0,3.7281846372476,14.808362369338
CZE,2019-01-31,85.0,3.8096689397691,15.232974910394
CZE,2018-07-31,75.0,3.3990867786855,13.611615245009
CZE,2018-01-31,79.0,3.807779437991,14.962121212121
CZE,2017-07-31,75.0,3.2813997138619,14.150943396226
CZE,2017-01-31,75.0,2.9056534330295,14.822134387352
CZE,2016-07-31,75.0,3.0554191933286,14.880952380952
CZE,2016-01-31,75.0,2.9827952370726,15.212981744422
CZE,2015-07-31,70.0,2.833749962048,14.613778705637
CZE,2015-01-31,70.45,2.9192089751691,14.707724425887
CZE,2014-07-31,70.45,3.4555148447348,14.692387904067
CZE,2014-01-31,70.45,3.4732150780426,15.235177509461
CZE,2013-07-31,70.45,3.4905959529897,15.460863204097
CZE,2013-01-31,70.33,3.7221585661777,16.103417845303
CZE,2012-07-31,70.33,3.3414101102242,16.251877527441
CZE,2012-01-31,70.22,3.4480134149425,16.730121366047
CZE,2011-07-31,69.32,4.0724008483189,17.052890528905
CZE,2010-07-31,67.64,3.4252263566206,18.117857142857
CZE,2010-01-31,67.64,3.7144324150675,18.893854748603
CZE,2009-07-31,67.92,3.6395690604478,19.025210084034
CZE,2008-06-30,66.08,4.5578857700571,18.509803921569
CZE,2007-06-30,52.9,2.5051203428558,15.513196480938
CZE,2007-01-31,52.1,2.4231262048774,16.180124223602
CZE,2006-05-31,59.05,2.6710029944183,19.048387096774
CZE,2006-01-31,62.0,2.6009438909282,19.68253968254
CZE,2005-06-30,56.42,2.2990191883753,18.437908496732
CZE,2004-05-31,56.42,2.13,19.455172413793
CZE,2003-04-30,56.57,1.91,20.874538745387
CZE,2002-04-30,56.28,1.66,22.602409638554
CZE,2001-04-30,56.0,1.43,22.047244094488
CZE,2000-04-30,54.37,1.39,21.661354581673
DNK,2019-07-31,30.0,4.5049780006908,5.2264808362369
DNK,2019-01-31,30.0,4.6044402151808,5.3763440860215
DNK,2018-07-31,30.0,4.717648723876,5.4446460980036
DNK,2018-01-31,30.0,4.9320203199237,5.6818181818182
DNK,2017-07-31,30.0,4.6064905451782,5.6603773584906
DNK,2017-01-31,30.0,4.2246083436015,5.9288537549407
DNK,2016-07-31,30.0,4.4397416070385,5.952380952381
DNK,2016-01-31,30.0,4.3224551545278,6.0851926977688
DNK,2015-07-31,34.59,5.0785121236814,7.2212943632568
DNK,2015-01-31,34.5,5.3760089755976,7.2025052192067
DNK,2014-07-31,28.5,5.145518884957,5.9436913451512
DNK,2014-01-31,28.5,5.1804995092158,6.1632726617409
DNK,2013-07-31,28.5,4.9132848326035,6.2545720555962
DNK,2013-01-31,28.5,5.1837503069326,6.5256278770244
DNK,2012-07-31,28.5,4.6450224916879,6.5857885615251
DNK,2012-01-31,31.5,5.3741885401827,7.504967573775
DNK,2011-07-31,28.5,5.4824034087084,7.0110701107011
DNK,2010-07-31,28.5,4.9022558977579,7.6339285714286
DNK,2010-01-31,30.94,5.9938589099081,8.6424581005587
DNK,2009-07-31,29.5,5.5269320843091,8.2633053221289
DNK,2008-06-30,28.0,5.9518748405748,7.843137254902
DNK,2007-06-30,27.75,5.082138344047,8.1378299120235
DNK,2007-01-31,27.75,4.8235283892892,8.6180124223602
DNK,2006-05-31,27.75,4.7694753577107,8.9516129032258
DNK,2006-01-31,27.75,4.4925448040279,8.8095238095238
DNK,2005-06-30,27.75,4.5756591422494,9.0686274509804
DNK,2004-05-31,27.75,4.46,9.5689655172414
DNK,2003-04-30,27.75,3.99,10.239852398524
DNK,2002-04-30,24.75,2.96,9.9397590361446
DNK,2001-04-30,24.75,2.93,9.744094488189
DNK,2000-04-30,24.75,3.08,9.8605577689243
EGY,2019-07-31,42.0,2.5278362925068,7.3170731707317
EGY,2019-01-31,40.0,2.2333891680625,7.168458781362
EGY,2018-07-31,31.37,1.7520245741413,5.6932849364791
EGY,2018-01-31,34.21,1.9327683615819,6.4791666666667
EGY,2017-07-31,31.37,1.7539837852949,5.9188679245283
EGY,2017-01-31,27.49,1.4645711241343,5.4328063241107
EGY,2016-07-31,23.0,2.5901046740128,4.5634920634921
EGY,2016-01-31,16.93,2.1621828723955,3.4340770791075
EGY,2015-07-31,16.93,2.1621828723955,3.5344467640919
EGY,2015-01-31,16.93,2.3033856912538,3.5344467640919
EGY,2014-07-31,16.93,2.3678156096811,3.5307612095933
EGY,2014-01-31,16.93,2.4321218215774,3.6612002162552
EGY,2013-07-31,16.75,2.3897334198869,3.6759326993416
EGY,2013-01-31,16.0,2.3931496092435,3.6635103871014
EGY,2012-07-31,16.0,2.6374350943707,3.6972848064702
EGY,2012-01-31,15.5,2.567500414113,3.692920552175
EGY,2011-07-31,14.09,2.3633009057363,3.4661746617466
EGY,2010-07-31,13.0,2.2811019477101,3.4821428571429
EGY,2010-01-31,13.0,2.3787740164684,3.6312849162011
EGY,2009-07-31,13.0,2.32776758136,3.6414565826331
EGY,2008-06-30,13.0,2.4470588235294,3.6414565826331
EGY,2007-06-30,9.54,1.6765519968367,2.7976539589443
EGY,2007-01-31,9.09,1.5947368421053,2.8229813664596
EGY,2006-05-31,9.5,1.6462331586016,3.0645161290323
EGY,2006-01-31,9.25,1.6114982578397,2.9365079365079
EGY,2005-06-30,9.0,1.551724137931,2.9411764705882
EGY,2004-05-31,10.0,1.62,3.448275862069
EGY,2003-04-30,8.0,1.38,2.9520295202952
EGY,2002-04-30,0.0,0.0,0.0
EGY,2001-04-30,0.0,0.0,0.0
EGY,2000-04-30,0.0,0.0,0.0
EUR,2019-07-31,4.08,4.572252,0.71080139372822
EUR,2019-01-31,4.05,4.6419075,0.7258064516129
EUR,2018-07-31,4.04,4.735082,0.73321234119782
EUR,2018-01-31,3.95,4.8357875,0.74810606060606
EUR,2017-07-31,3.91,4.4650245,0.7377358490566
EUR,2017-01-31,3.88,4.061778,0.76679841897233
EUR,2016-07-31,3.82,4.205629,0.75793650793651
EUR,2016-01-31,3.72,3.999,0.75456389452333
EUR,2015-07-31,3.7,4.053905,0.77244258872651
EUR,2015-01-31,3.68,4.263832,0.76826722338205
EUR,2014-07-31,3.6792382895899,4.9535424711894,0.76730725538894
EUR,2014-01-31,3.6579627235827,4.9618435364037,0.79105339129558
EUR,2013-07-31,3.6238704886156,4.6593914807375,0.79528979267351
EUR,2013-01-31,3.5948495721818,4.8780311269722,0.8231105467347
EUR,2012-07-31,3.5834822412817,4.3444346952179,0.82807215280918
EUR,2012-01-31,3.4924563702446,4.4307047741108,0.83208799401618
EUR,2011-07-31,3.4376604013616,4.928401834412,0.8456729154641
EUR,2010-07-31,3.3800310707681,4.3325238265106,0.90536546538432
EUR,2010-01-31,3.36,4.843944,0.93854748603352
EUR,2009-07-31,3.31,4.617119,0.92717086834734
EUR,2008-06-30,3.36856,5.342704588,0.94357422969188
EUR,2007-06-30,3.0574824433737,4.1668899479518,0.89662241741164
EUR,2007-01-31,2.94,3.809211,0.91304347826087
EUR,2006-05-31,2.9395735292629,3.766916499074,0.94824952556869
EUR,2006-01-31,2.91,3.513825,0.92380952380952
EUR,2005-06-30,2.92,3.583132,0.95424836601307
EUR,2004-05-31,2.74,3.28,0.9448275862069
EUR,2003-04-30,2.71,2.98,1.0
EUR,2002-04-30,2.67,2.37,1.0722891566265
EUR,2001-04-30,2.57,2.27,1.011811023622
EUR,2000-04-30,2.56,2.38,1.0199203187251
HKG,2019-07-31,20.5,2.6246719160105,3.5714285714286
HKG,2019-01-31,20.0,2.5528601607025,3.584229390681
HKG,2018-07-31,20.0,2.5483388016437,3.6297640653358
HKG,2018-01-31,20.5,2.6218186468858,3.8825757575758
HKG,2017-07-31,19.2,2.4579146130705,3.622641509434
HKG,2017-01-31,19.2,2.4755187952475,3.7944664031621
HKG,2016-07-31,19.2,2.4756943549011,3.8095238095238
HKG,2016-01-31,19.2,2.4766683650764,3.894523326572
HKG,2015-07-31,19.2,2.4771636476235,4.0083507306889
HKG,2015-01-31,18.8,2.4253839653738,3.9248434237996
HKG,2014-07-31,18.8,2.4256656065132,3.9207507820647
HKG,2014-01-31,18.0,2.3202304762273,3.8925932600469
HKG,2013-07-31,17.0,2.191667794731,3.730797366496
HKG,2013-01-31,17.0,2.1909757574976,3.8924797862952
HKG,2012-07-31,16.5,2.126795692272,3.8128249566724
HKG,2012-01-31,16.5,2.1242766194391,3.931173491025
HKG,2011-07-31,15.1,1.9379347519187,3.7146371463715
HKG,2010-07-31,14.8,1.9037328599727,3.9642857142857
HKG,2010-01-31,14.8,1.9080647968491,4.1340782122905
HKG,2009-07-31,13.3,1.7160183213986,3.7254901960784
HKG,2008-06-30,13.3,1.7056967707184,3.7254901960784
HKG,2007-06-30,12.0,1.5354005796137,3.5190615835777
HKG,2007-01-31,12.0,1.5387673191468,3.7267080745342
HKG,2006-05-31,12.0,1.5477280641791,3.8709677419355
HKG,2006-01-31,12.0,1.5481473836309,3.8095238095238
HKG,2005-06-30,12.0,1.5422776870976,3.921568627451
HKG,2004-05-31,12.0,1.54,4.1379310344828
HKG,2003-04-30,11.5,1.47,4.2435424354244
HKG,2002-04-30,11.2,1.4,4.4979919678715
HKG,2001-04-30,10.7,1.37,4.2125984251969
HKG,2000-04-30,10.2,1.31,4.0637450199203
HUN,2019-07-31,900.0,3.0976673876201,156.79442508711
HUN,2019-01-31,850.0,3.0328033360837,152.32974910394
HUN,2018-07-31,850.0,3.074917284725,154.26497277677
HUN,2018-01-31,864.0,3.4266385053035,163.63636363636
HUN,2017-07-31,862.0,3.2089475284962,162.64150943396
HUN,2017-01-31,900.0,3.0548114638249,177.86561264822
HUN,2016-07-31,900.0,3.1508225222194,178.57142857143
HUN,2016-01-31,900.0,3.075040731477,182.55578093306
HUN,2015-07-31,900.0,3.1815858296409,187.89144050104
HUN,2015-01-31,860.0,3.1688310826956,179.54070981211
HUN,2014-07-31,860.0,3.7668718078773,179.35349322211
HUN,2014-01-31,860.0,3.8548246155653,185.97945575779
HUN,2013-07-31,860.0,3.7643021596589,188.73445501097
HUN,2013-01-31,830.0,3.8166297917385,190.04460133088
HUN,2012-07-31,830.0,3.4842459608984,191.79664933564
HUN,2012-01-31,645.0,2.6252140617861,153.67314555825
HUN,2011-07-31,760.0,4.0409969777596,186.9618696187
HUN,2010-07-31,740.0,3.3337966109254,198.21428571429
HUN,2010-01-31,720.0,3.8574707421559,201.11731843575
HUN,2009-07-31,720.0,3.6152255222871,201.68067226891
HUN,2008-06-30,670.0,4.6444628990599,187.67507002801
HUN,2007-06-30,600.0,3.3294378910009,175.95307917889
HUN,2007-01-31,590.0,3.0346094637639,183.2298136646
HUN,2006-05-31,560.0,2.7139093670582,180.64516129032
HUN,2006-01-31,560.0,2.7058891745105,177.77777777778
HUN,2005-06-30,530.0,2.6025937547571,173.20261437908
HUN,2004-05-31,530.0,2.52,182.75862068966
HUN,2003-04-30,490.0,2.14,180.81180811808
HUN,2002-04-30,459.0,1.69,184.33734939759
HUN,2001-04-30,399.0,1.32,157.08661417323
HUN,2000-04-30,339.0,1.21,135.05976095618
IND,2019-07-31,183.0,2.6694129042045,31.881533101045
IND,2019-01-31,178.0,2.5543517256224,31.899641577061
IND,2018-07-31,173.0,2.513621503814,31.397459165154
IND,2018-01-31,180.0,2.8186106598289,34.090909090909
IND,2017-07-31,178.0,2.7572319250281,33.584905660377
IND,2017-01-31,170.0,2.4880172697669,33.596837944664
IND,2016-07-31,162.0,2.4107142857143,32.142857142857
IND,2016-01-31,127.0,1.9011264548482,25.760649087221
IND,2015-07-31,116.25,1.8327289925903,24.269311064718
IND,2015-01-31,116.25,1.886715897103,24.269311064718
IND,2014-07-31,105.0,1.7474152815627,21.897810218978
IND,2014-01-31,95.0,1.5360983102919,20.544242205803
IND,2013-07-31,90.0,1.5005001667222,19.751280175567
IND,2013-01-31,89.0,1.6668227362113,20.378276528251
IND,2012-07-31,89.0,1.5846167542064,20.566146735991
IND,2012-01-31,84.0,1.6183412002697,20.0132468634
IND,2011-07-31,84.0,1.8918918918919,20.664206642066
IND,2010-07-31,0.0,0.0,0.0
IND,2010-01-31,0.0,0.0,0.0
IND,2009-07-31,0.0,0.0,0.0
IND,2008-06-30,0.0,0.0,0.0
IND,2007-06-30,0.0,0.0,0.0
IND,2007-01-31,0.0,0.0,0.0
IND,2006-05-31,0.0,0.0,0.0
IND,2006-01-31,0.0,0.0,0.0
IND,2005-06-30,0.0,0.0,0.0
IND,2004-05-31,0.0,0.0,0.0
IND,2003-04-30,0.0,0.0,0.0
IND,2002-04-30,0.0,0.0,0.0
IND,2001-04-30,0.0,0.0,0.0
IND,2000-04-30,0.0,0.0,0.0
IDN,2019-07-31,32000.0,2.2646850672328,5574.9128919861
IDN,2019-01-31,33000.0,2.3420865862314,5913.9784946237
IDN,2018-07-31,31500.0,2.1935933147632,5716.8784029038
IDN,2018-01-31,35750.0,2.6760985103675,6770.8333333333
IDN,2017-07-31,32126.0,2.402932046823,6061.5094339623
IDN,2017-01-31,31000.0,2.325755870658,6126.4822134387
IDN,2016-07-31,31000.0,2.3641563393708,6150.7936507937
IDN,2016-01-31,30500.0,2.1867718229073,6186.6125760649
IDN,2015-07-31,30500.0,2.2855858218742,6367.4321503132
IDN,2015-01-31,27939.0,2.2387019230769,5832.7766179541
IDN,2014-07-31,27939.0,2.4284224250326,5826.6944734098
IDN,2014-01-31,27939.0,2.3014003294893,6041.9535051361
IDN,2013-07-31,27939.0,2.8037129954842,6131.4557425018
IDN,2013-01-31,27939.0,2.8604044023547,6397.1760440766
IDN,2012-07-31,24200.0,2.5520696018982,5592.1432697863
IDN,2012-01-31,22534.0,2.4600436681223,5368.7917240459
IDN,2011-07-31,22534.0,2.643904728382,5543.4194341943
IDN,2010-07-31,22780.0,2.5135164956416,6101.7857142857
IDN,2010-01-31,20900.0,2.2424892703863,5837.9888268156
IDN,2009-07-31,20900.0,2.0490196078431,5854.3417366947
IDN,2008-06-30,18700.0,2.0432692307692,5238.0952380952
IDN,2007-06-30,15900.0,1.7637271214642,4662.7565982405
IDN,2007-01-31,15900.0,1.7491749174917,4937.8881987578
IDN,2006-05-31,14600.0,1.5656836461126,4709.6774193548
IDN,2006-01-31,14600.0,1.5433403805497,4634.9206349206
IDN,2005-06-30,14600.0,1.5295966474594,4771.2418300654
IDN,2004-05-31,16100.0,1.77,5551.724137931
IDN,2003-04-30,16100.0,1.81,5940.9594095941
IDN,2002-04-30,16000.0,1.71,6425.702811245
IDN,2001-04-30,14700.0,1.35,5787.4015748031
IDN,2000-04-30,14500.0,1.83,5776.8924302789
ISR,2019-07-31,17.0,4.7663105952281,2.9616724738676
ISR,2019-01-31,17.0,4.5848672411236,3.0465949820789
ISR,2018-07-31,17.0,4.6768824451842,3.0852994555354
ISR,2018-01-31,16.5,4.8016063555808,3.125
ISR,2017-07-31,16.9,4.7733370992798,3.188679245283
ISR,2017-01-31,16.9,4.3839169909209,3.3399209486166
ISR,2016-07-31,16.9,4.3796566245546,3.3531746031746
ISR,2016-01-31,16.9,4.2881973078241,3.4279918864097
ISR,2015-07-31,17.5,4.6316513822171,3.6534446764092
ISR,2015-01-31,17.5,4.4482289694089,3.6534446764092
ISR,2014-07-31,17.5,5.1262522701974,3.6496350364964
ISR,2014-01-31,17.5,5.0169141677656,3.78446566949
ISR,2013-07-31,17.5,4.799846404915,3.8405267008047
ISR,2013-01-31,14.9,4.0004832798593,3.4116440479882
ISR,2012-07-31,11.9,2.919349892671,2.7498555748122
ISR,2012-01-31,15.9,4.1314797973236,3.788221727715
ISR,2011-07-31,15.9,4.6718674247433,3.9114391143911
ISR,2010-07-31,14.9,3.8582045107331,3.9910714285714
ISR,2010-01-31,14.9,3.9919624916276,4.1620111731844
ISR,2009-07-31,15.0,3.7742970371768,4.2016806722689
ISR,2008-06-30,0.0,0.0,0.0
ISR,2007-06-30,0.0,0.0,0.0
ISR,2007-01-31,0.0,0.0,0.0
ISR,2006-05-31,0.0,0.0,0.0
ISR,2006-01-31,0.0,0.0,0.0
ISR,2005-06-30,0.0,0.0,0.0
ISR,2004-05-31,0.0,0.0,0.0
ISR,2003-04-30,0.0,0.0,0.0
ISR,2002-04-30,12.0,2.51,4.8192771084337
ISR,2001-04-30,0.0,0.0,0.0
ISR,2000-04-30,14.5,3.58,5.7768924302789
JPN,2019-07-31,390.0,3.5857123155427,67.94425087108
JPN,2019-01-31,390.0,3.5964588712652,69.89247311828
JPN,2018-07-31,390.0,3.5056179775281,70.780399274047
JPN,2018-01-31,380.0,3.4319259426507,71.969696969697
JPN,2017-07-31,380.0,3.3610472315585,71.698113207547
JPN,2017-01-31,380.0,3.2571893884198,75.098814229249
JPN,2016-07-31,370.0,3.4668540641836,73.412698412698
JPN,2016-01-31,370.0,3.1185469257027,75.050709939148
JPN,2015-07-31,370.0,2.9854359139872,77.244258872651
JPN,2015-01-31,370.0,3.1418502950792,77.244258872651
JPN,2014-07-31,370.0,3.6442430808628,77.163712200209
JPN,2014-01-31,310.0,2.9737637296753,67.039106145251
JPN,2013-07-31,320.0,3.1966435242995,70.226773957571
JPN,2013-01-31,320.0,3.5139735353868,73.270207742028
JPN,2012-07-31,320.0,4.0910253132191,73.945696129405
JPN,2012-01-31,320.0,4.1601664066563,76.240940432
JPN,2011-07-31,320.0,4.0834556243221,78.720787207872
JPN,2010-07-31,320.0,3.6705666437256,85.714285714286
JPN,2010-01-31,320.0,3.4957395674022,89.385474860335
JPN,2009-07-31,320.0,3.4570301949981,89.635854341737
JPN,2008-06-30,280.0,2.62037340321,78.43137254902
JPN,2007-06-30,280.0,2.2891714017087,82.111436950147
JPN,2007-01-31,280.0,2.3029156557141,86.95652173913
JPN,2006-05-31,250.0,2.2300521832211,80.645161290323
JPN,2006-01-31,250.0,2.187130921657,79.365079365079
JPN,2005-06-30,250.0,2.3426884692874,81.699346405229
JPN,2004-05-31,262.0,2.33,90.344827586207
JPN,2003-04-30,262.0,2.18,96.678966789668
JPN,2002-04-30,262.0,2.01,105.22088353414
JPN,2001-04-30,294.0,2.38,115.74803149606
JPN,2000-04-30,294.0,2.78,117.13147410359
LTU,2018-01-31,2.8,3.4279,0.53030303030303
LTU,2015-07-31,2.59,2.8377335,0.54070981210856
LTU,2014-07-31,8.95,3.4898910140181,1.866527632951
LTU,2014-01-31,8.8,3.457216940363,1.9030455938007
LTU,2013-07-31,8.6,3.2024427935728,1.8873445501097
LTU,2013-01-31,7.8,3.0654352525054,1.7859613137119
LTU,2012-07-31,7.8,2.738715963554,1.8024263431542
LTU,2012-01-31,7.8,2.8659611992945,1.85837292303
LTU,2011-07-31,7.3,3.0310579637934,1.7958179581796
LTU,2010-07-31,7.3,2.710027100271,1.9553571428571
LTU,2010-01-31,7.1,2.8683391912091,1.9887955182073
LTU,2009-07-31,7.1,2.8683391912091,1.9887955182073
LTU,2008-06-30,6.9,3.1694993109784,1.9327731092437
LTU,2007-06-30,6.6,2.6050403583904,1.9354838709677
LTU,2007-01-31,6.5,2.4123661600698,2.0186335403727
LTU,2006-05-31,6.5,2.4123661600698,2.0967741935484
LTU,2006-01-31,0.0,0.0,0.0
LTU,2005-06-30,6.5,2.3105360443623,2.1241830065359
LTU,2004-05-31,6.5,2.2623646931885,2.2413793103448
LTU,2003-04-30,0.0,0.0,0.0
LTU,2002-04-30,0.0,0.0,0.0
LTU,2001-04-30,0.0,0.0,0.0
LTU,2000-04-30,0.0,0.0,0.0
MYS,2019-07-31,8.85,2.1363910681955,1.5418118466899
MYS,2019-01-31,9.05,2.1979356405586,1.6218637992832
MYS,2018-07-31,8.45,2.1006836544437,1.5335753176044
MYS,2018-01-31,9.0,2.2761760242792,1.7045454545455
MYS,2017-07-31,8.6,2.0030278327705,1.622641509434
MYS,2017-01-31,8.0,1.7891088001789,1.5810276679842
MYS,2016-07-31,8.0,1.9865905140303,1.5873015873016
MYS,2016-01-31,8.0,1.8212862834377,1.6227180527383
MYS,2015-07-31,7.65,2.009720215421,1.5970772442589
MYS,2015-01-31,7.63,2.1103581800581,1.5929018789144
MYS,2014-07-31,7.63,2.4088397790055,1.5912408759124
MYS,2014-01-31,7.4,2.2265683767113,1.6002883402415
MYS,2013-07-31,7.3,2.2952365980192,1.6020482809071
MYS,2013-01-31,7.95,2.5786571521246,1.820306723591
MYS,2012-07-31,7.4,2.3318103040807,1.7099942229925
MYS,2012-01-31,7.35,2.3410998391489,1.7511591005475
MYS,2011-07-31,7.2,2.4217961654894,1.7712177121771
MYS,2010-07-31,7.05,2.193869612572,1.8883928571429
MYS,2010-01-31,7.05,2.0811808118081,1.9692737430168
MYS,2009-07-31,6.77,1.8795113825652,1.8963585434174
MYS,2008-06-30,5.5,1.6985793699815,1.5406162464986
MYS,2007-06-30,5.5,1.6013975833455,1.6129032258065
MYS,2007-01-31,5.5,1.5705311250714,1.7080745341615
MYS,2006-05-31,5.5,1.5153602424576,1.7741935483871
MYS,2006-01-31,5.5,1.4671361502347,1.7460317460317
MYS,2005-06-30,5.25,1.3815789473684,1.7156862745098
MYS,2004-05-31,5.04,1.33,1.7379310344828
MYS,2003-04-30,5.04,1.33,1.859778597786
MYS,2002-04-30,5.04,1.33,2.0240963855422
MYS,2001-04-30,4.52,1.19,1.7795275590551
MYS,2000-04-30,4.52,1.19,1.800796812749
MEX,2019-07-31,50.0,2.6461676876464,8.7108013937282
MEX,2019-01-31,49.0,2.5377095876222,8.7813620071685
MEX,2018-07-31,49.0,2.5719759598982,8.8929219600726
MEX,2018-01-31,48.0,2.5718648699333,9.0909090909091
MEX,2017-07-31,49.0,2.7542402653064,9.2452830188679
MEX,2017-01-31,49.0,2.2322953919045,9.6837944664032
MEX,2016-07-31,44.0,2.3738872403561,8.7301587301587
MEX,2016-01-31,49.0,2.8101567092491,9.9391480730223
MEX,2015-07-31,49.0,3.1131371209835,10.229645093946
MEX,2015-01-31,49.0,3.3498547256879,10.229645093946
MEX,2014-07-31,42.0,3.2476193790088,8.7591240875912
MEX,2014-01-31,37.0,2.7751214115618,8.0014417012074
MEX,2013-07-31,37.0,2.8590967572434,8.1199707388442
MEX,2013-01-31,37.0,2.9046034038812,8.471867770172
MEX,2012-07-31,37.0,2.7032950975378,8.5499711149624
MEX,2012-01-31,37.0,2.7038087164947,8.81535873745
MEX,2011-07-31,32.0,2.7418974787396,7.8720787207872
MEX,2010-07-31,32.0,2.5035205758097,8.5714285714286
MEX,2010-01-31,32.0,2.4973173348942,8.9385474860335
MEX,2009-07-31,33.0,2.3895035625326,9.2436974789916
MEX,2008-06-30,32.0,3.1469734965826,8.9635854341737
MEX,2007-06-30,29.0,2.693277486522,8.5043988269795
MEX,2007-01-31,29.0,2.6631403015777,9.0062111801242
MEX,2006-05-31,29.0,2.5656678256408,9.3548387096774
MEX,2006-01-31,28.0,2.6559165283377,8.8888888888889
MEX,2005-06-30,28.0,2.5764895330113,9.1503267973856
MEX,2004-05-31,24.0,2.08,8.2758620689655
MEX,2003-04-30,23.0,2.14,8.4870848708487
MEX,2002-04-30,21.9,2.37,8.7951807228916
MEX,2001-04-30,21.9,2.36,8.6220472440945
MEX,2000-04-30,20.9,2.22,8.3266932270916
NZL,2019-07-31,6.4,4.2288,1.1149825783972
NZL,2019-01-31,6.2,4.1912,1.1111111111111
NZL,2018-07-31,6.2,4.23398,1.1252268602541
NZL,2018-01-31,6.2,4.51019,1.1742424242424
NZL,2017-07-31,6.1,4.43226,1.1509433962264
NZL,2017-01-31,6.0,4.1853,1.1857707509881
NZL,2016-07-31,6.0,4.2213,1.1904761904762
NZL,2016-01-31,5.9,3.91229,1.1967545638945
NZL,2015-07-31,5.9,3.909635,1.231732776618
NZL,2015-01-31,5.9,4.492555,1.231732776618
NZL,2014-07-31,5.7,4.94475,1.1887382690302
NZL,2014-01-31,5.5,4.571875,1.1894034961254
NZL,2013-07-31,5.5,4.299075,1.2070226773958
NZL,2013-01-31,5.2,4.32458,1.190640875808
NZL,2012-07-31,5.1,4.00452,1.1785095320624
NZL,2012-01-31,5.1,4.047615,1.215089988135
NZL,2011-07-31,5.1,4.4115,1.2546125461255
NZL,2010-07-31,5.0,3.59,1.3392857142857
NZL,2010-01-31,4.9,3.6113055975237,1.3687150837989
NZL,2009-07-31,4.9,3.0772129242943,1.3725490196078
NZL,2008-06-30,4.9,3.7186005919405,1.3725490196078
NZL,2007-06-30,4.6,3.5945924826131,1.3489736070381
NZL,2007-01-31,4.6,3.221378750105,1.4285714285714
NZL,2006-05-31,4.45,2.745202065379,1.4354838709677
NZL,2006-01-31,4.45,3.075965991567,1.4126984126984
NZL,2005-06-30,4.45,3.1733580546245,1.4542483660131
NZL,2004-05-31,4.35,2.65,1.5
NZL,2003-04-30,3.95,2.15,1.4575645756458
NZL,2002-04-30,3.6,1.77,1.4457831325301
NZL,2001-04-30,3.6,1.46,1.4173228346457
NZL,2000-04-30,3.4,1.69,1.3545816733068
NOR,2019-07-31,42.0,4.8539481667678,7.3170731707317
NOR,2019-01-31,50.0,5.8596725614973,8.9605734767025
NOR,2018-07-31,42.0,5.2229061742212,7.6225045372051
NOR,2018-01-31,49.0,6.241958701163,9.280303030303
NOR,2017-07-31,49.0,5.9141601892531,9.2452830188679
NOR,2017-01-31,49.0,5.6658206478692,9.6837944664032
NOR,2016-07-31,46.8,5.5100635187878,9.2857142857143
NOR,2016-01-31,46.8,5.2146880379736,9.4929006085193
NOR,2015-07-31,46.0,5.6493358960031,9.6033402922756
NOR,2015-01-31,48.0,6.2971466054444,10.020876826722
NOR,2014-07-31,48.0,7.7578265156045,10.010427528676
NOR,2014-01-31,48.0,7.7954347984961,10.380248693458
NOR,2013-07-31,46.0,7.5064049215907,10.095098756401
NOR,2013-01-31,43.0,7.8422790027539,9.845684165335
NOR,2012-07-31,43.0,7.0583793632685,9.9364529173888
NOR,2012-01-31,41.0,6.7881918574811,9.76837049285
NOR,2011-07-31,45.0,8.3117075017778,11.070110701107
NOR,2010-07-31,45.0,7.2043225935561,12.053571428571
NOR,2010-01-31,40.0,7.0230267489531,11.173184357542
NOR,2009-07-31,40.0,6.1451012021354,11.204481792717
NOR,2008-06-30,40.0,7.8753334711517,11.204481792717
NOR,2007-06-30,40.0,6.8800632965823,11.730205278592
NOR,2007-01-31,41.5,6.8007144847025,12.888198757764
NOR,2006-05-31,43.0,7.0465234419809,13.870967741935
NOR,2006-01-31,0.0,0.0,0.0
NOR,2005-06-30,39.0,6.0628672698442,12.745098039216
NOR,2004-05-31,35.5,5.1831627513104,12.241379310345
NOR,2003-04-30,0.0,0.0,0.0
NOR,2002-04-30,35.0,4.09,14.056224899598
NOR,2001-04-30,0.0,0.0,0.0
NOR,2000-04-30,0.0,0.0,0.0
PAK,2019-07-31,480.0,3.0485868529692,83.623693379791
PAK,2019-01-31,460.0,3.3122119815668,82.437275985663
PAK,2018-07-31,375.0,3.0866738003128,68.058076225045
PAK,2018-01-31,375.0,3.3935116058097,71.022727272727
PAK,2017-07-31,375.0,3.5663338088445,70.754716981132
PAK,2017-01-31,375.0,3.579098067287,74.110671936759
PAK,2016-07-31,375.0,3.5775615340584,74.404761904762
PAK,2016-01-31,300.0,2.860275539877,60.851926977688
PAK,2015-07-31,350.0,3.4414945919371,73.068893528184
PAK,2015-01-31,300.0,2.9781108849953,62.630480167015
PAK,2014-07-31,300.0,3.0401297122011,62.565172054223
PAK,2014-01-31,320.0,3.0356211165394,69.201657956389
PAK,2013-07-31,300.0,2.9989503673714,65.837600585223
PAK,2013-01-31,290.0,2.9693339476783,66.401125766213
PAK,2012-07-31,285.0,3.012525765023,65.857885615251
PAK,2012-01-31,260.0,2.8872848417546,61.945764101
PAK,2011-07-31,205.13,2.3757021251954,50.462484624846
PAK,2010-07-31,210.0,2.4554223911137,56.25
PAK,2010-01-31,200.0,2.4213075060533,56.022408963585
PAK,2009-07-31,190.0,2.3002421307506,53.221288515406
PAK,2008-06-30,140.0,1.9746121297602,39.21568627451
PAK,2007-06-30,140.0,2.319032632102,41.055718475073
PAK,2007-01-31,140.0,2.331196403297,43.478260869565
PAK,2006-05-31,130.0,2.1646823744901,41.935483870968
PAK,2006-01-31,0.0,0.0,0.0
PAK,2005-06-30,130.0,2.180476350218,42.483660130719
PAK,2004-05-31,110.0,1.904432132964,37.931034482759
PAK,2003-04-30,0.0,0.0,0.0
PAK,2002-04-30,0.0,0.0,0.0
PAK,2001-04-30,0.0,0.0,0.0
PAK,2000-04-30,0.0,0.0,0.0
PER,2019-07-31,10.5,3.1945965680905,1.8292682926829
PER,2019-01-31,10.5,3.1357324175004,1.8817204301075
PER,2018-07-31,10.5,3.2095369096745,1.9056261343013
PER,2018-01-31,10.5,3.2689912826899,1.9886363636364
PER,2017-07-31,10.5,3.2292787944026,1.9811320754717
PER,2017-01-31,11.0,3.2420643107666,2.1739130434783
PER,2016-07-31,10.0,3.02494063554,1.984126984127
PER,2016-01-31,10.0,2.9256875365711,2.0283975659229
PER,2015-07-31,10.0,3.1411967959793,2.0876826722338
PER,2015-01-31,10.0,3.3244680851064,2.0876826722338
PER,2014-07-31,10.0,3.5868005738881,2.0855057351408
PER,2014-01-31,10.0,3.563156957064,2.1625518111371
PER,2013-07-31,10.0,3.5932446999641,2.1945866861741
PER,2013-01-31,10.0,3.9070130884938,2.2896939919384
PER,2012-07-31,0.0,0.0,0.0
PER,2012-01-31,10.0,3.7140204271123,2.3825293885
PER,2011-07-31,10.0,3.6529680365297,2.460024600246
PER,2010-07-31,10.0,3.5366931918656,2.6785714285714
PER,2010-01-31,8.056,2.8064797073681,2.2502793296089
PER,2009-07-31,8.056,2.6610292660369,2.2565826330532
PER,2008-06-30,9.5,3.3450704225352,2.6610644257703
PER,2007-06-30,9.5,2.9996842437638,2.7859237536657
PER,2007-01-31,9.5,2.9785232795109,2.9503105590062
PER,2006-05-31,9.5,2.9132168046611,3.0645161290323
PER,2006-01-31,9.5,2.7568195008706,3.015873015873
PER,2005-06-30,8.99,2.7622442081976,2.937908496732
PER,2004-05-31,8.99,2.57,3.1
PER,2003-04-30,7.9,2.28,2.9151291512915
PER,2002-04-30,8.5,2.48,3.4136546184739
PER,2001-04-30,0.0,0.0,0.0
PER,2000-04-30,0.0,0.0,0.0
PHL,2019-07-31,142.0,2.7670872509378,24.738675958188
PHL,2019-01-31,140.0,2.6721381877177,25.089605734767
PHL,2018-07-31,140.0,2.6174584478471,25.40834845735
PHL,2018-01-31,134.0,2.6416954164613,25.378787878788
PHL,2017-07-31,134.0,2.6494518205095,25.283018867925
PHL,2017-01-31,133.0,2.680640935201,26.284584980237
PHL,2016-07-31,133.0,2.822880186777,26.388888888889
PHL,2016-01-31,131.0,2.7859003668457,26.57200811359
PHL,2015-07-31,163.0,3.6051976776334,34.029227557411
PHL,2015-01-31,163.0,3.6703445170007,34.029227557411
PHL,2014-07-31,160.0,3.7032750839023,33.368091762252
PHL,2014-01-31,135.0,2.9847446385143,29.194449450351
PHL,2013-07-31,115.21,2.6521639042357,25.283833211412
PHL,2013-01-31,118.0,2.9064039408867,27.018389104873
PHL,2012-07-31,118.0,2.7962085308057,27.267475447718
PHL,2012-01-31,118.0,2.681513464379,28.1138467843
PHL,2011-07-31,118.0,2.7823626503183,29.028290282903
PHL,2010-07-31,102.0,2.1949644932214,27.321428571429
PHL,2010-01-31,101.52,2.2108013937282,28.357541899441
PHL,2009-07-31,99.39,2.0541490131239,27.840336134454
PHL,2008-06-30,87.0,1.9557154096887,24.36974789916
PHL,2007-06-30,85.0,1.8519527207364,24.926686217009
PHL,2007-01-31,85.0,1.7329255861366,26.39751552795
PHL,2006-05-31,85.0,1.6152019002375,27.41935483871
PHL,2006-01-31,82.0,1.559528337771,26.031746031746
PHL,2005-06-30,80.0,1.4665444546288,26.143790849673
PHL,2004-05-31,69.0,1.23,23.793103448276
PHL,2003-04-30,65.0,1.23,23.985239852399
PHL,2002-04-30,65.0,1.28,26.104417670683
PHL,2001-04-30,59.0,1.17,23.228346456693
PHL,2000-04-30,0.0,0.0,0.0
POL,2019-07-31,10.8,2.8363206618081,1.8815331010453
POL,2019-01-31,10.5,2.8011578118956,1.8817204301075
POL,2018-07-31,10.1,2.7393916380748,1.8330308529946
POL,2018-01-31,10.1,2.9655729281362,1.9128787878788
POL,2017-07-31,10.1,2.723399665642,1.9056603773585
POL,2017-01-31,9.6,2.300971920952,1.897233201581
POL,2016-07-31,9.6,2.4207885214278,1.9047619047619
POL,2016-01-31,9.6,2.3717172715369,1.947261663286
POL,2015-07-31,9.6,2.5439898240407,2.0041753653445
POL,2015-01-31,9.2,2.4820590298387,1.9206680584551
POL,2014-07-31,9.2,2.9953767011786,1.9186652763295
POL,2014-01-31,9.2,2.9983053056968,1.9895476662462
POL,2013-07-31,9.2,2.7336205615807,2.0190197512802
POL,2013-01-31,9.1,2.9430789133247,2.0836215326639
POL,2012-07-31,9.1,2.6297917840681,2.10283073368
POL,2012-01-31,9.1,2.5848968171683,2.168101743535
POL,2011-07-31,8.63,3.0856693363844,2.1230012300123
POL,2010-07-31,8.3,2.5962651318465,2.2232142857143
POL,2010-01-31,8.1,2.8564879304569,2.2625698324022
POL,2009-07-31,7.6,2.408683939466,2.1288515406162
POL,2008-06-30,7.0,3.4458145659504,1.9607843137255
POL,2007-06-30,6.9,2.5074041099624,2.0234604105572
POL,2007-01-31,6.9,2.3218642214184,2.1428571428571
POL,2006-05-31,6.5,2.0973492731878,2.0967741935484
POL,2006-01-31,6.5,2.0866103816892,2.0634920634921
POL,2005-06-30,6.5,1.9639835629683,2.1241830065359
POL,2004-05-31,6.3,1.63,2.1724137931034
POL,2003-04-30,6.3,1.56,2.3247232472325
POL,2002-04-30,5.9,1.46,2.3694779116466
POL,2001-04-30,5.9,1.46,2.3228346456693
POL,2000-04-30,5.5,1.28,2.191235059761
RUS,2019-07-31,130.0,2.0363807248732,22.648083623693
RUS,2019-01-31,110.17,1.6520956736897,19.743727598566
RUS,2018-07-31,130.0,2.0920283260635,23.593466424682
RUS,2018-01-31,130.0,2.290950744559,24.621212121212
RUS,2017-07-31,137.0,2.2781353877569,25.849056603774
RUS,2017-01-31,130.0,2.1509824198552,25.691699604743
RUS,2016-07-31,130.0,2.0502290342396,25.793650793651
RUS,2016-01-31,114.0,1.5270243118344,23.123732251521
RUS,2015-07-31,107.0,1.883305465106,22.338204592902
RUS,2015-01-31,89.0,1.3644656353964,18.580375782881
RUS,2014-07-31,89.0,2.554736668365,18.561001042753
RUS,2014-01-31,89.0,2.6223325500711,19.246711119121
RUS,2013-07-31,87.0,2.641253958086,19.092904169715
RUS,2013-01-31,72.88,2.4256947911466,16.687289813247
RUS,2012-07-31,75.0,2.2890104607778,17.331022530329
RUS,2012-01-31,81.0,2.5496312477769,19.29848804685
RUS,2011-07-31,75.0,2.7024592379065,18.450184501845
RUS,2010-07-31,71.0,2.3322082891938,19.017857142857
RUS,2010-01-31,70.0,2.3390249607378,19.553072625698
RUS,2009-07-31,67.0,2.042938294116,18.767507002801
RUS,2008-06-30,59.0,2.5394256593898,16.526610644258
RUS,2007-06-30,52.0,2.0274287719435,15.24926686217
RUS,2007-01-31,49.0,1.8467220683287,15.217391304348
RUS,2006-05-31,48.0,1.7735901344049,15.483870967742
RUS,2006-01-31,46.0,1.6044645971399,14.603174603175
RUS,2005-06-30,42.0,1.4785868933833,13.725490196078
RUS,2004-05-31,42.0,1.45,14.48275862069
RUS,2003-04-30,41.0,1.31,15.129151291513
RUS,2002-04-30,39.0,1.25,15.66265060241
RUS,2001-04-30,35.0,1.21,13.779527559055
RUS,2000-04-30,39.5,1.39,15.737051792829
SAU,2019-07-31,13.0,3.4663431413068,2.2648083623693
SAU,2019-01-31,12.0,3.1990189675166,2.1505376344086
SAU,2018-07-31,12.0,3.1996587030717,2.1778584392015
SAU,2018-01-31,12.0,3.1997440204784,2.2727272727273
SAU,2017-07-31,12.0,3.1998720051198,2.2641509433962
SAU,2017-01-31,12.0,3.1994454294589,2.3715415019763
SAU,2016-07-31,12.0,3.1995733902146,2.3809523809524
SAU,2016-01-31,12.0,3.1963348693498,2.4340770791075
SAU,2015-07-31,12.0,3.1995307354921,2.5052192066806
SAU,2015-01-31,11.0,2.9279459128537,2.2964509394572
SAU,2014-07-31,11.0,2.9330595811058,2.2940563086548
SAU,2014-01-31,11.0,2.9330204778157,2.3788069922509
SAU,2013-07-31,10.0,2.6665244520292,2.1945866861741
SAU,2013-01-31,11.0,2.9331768972321,2.5186633911322
SAU,2012-07-31,10.0,2.66648890074,2.3108030040439
SAU,2012-01-31,10.0,2.6665244520292,2.3825293885
SAU,2011-07-31,10.0,2.6665244520292,2.460024600246
SAU,2010-07-31,10.0,2.6663467050621,2.6785714285714
SAU,2010-01-31,10.0,2.6665244520292,2.7932960893855
SAU,2009-07-31,11.0,2.9330204778157,3.0812324929972
SAU,2008-06-30,10.0,2.6669867050713,2.8011204481793
SAU,2007-06-30,9.0,2.3997120345559,2.6392961876833
SAU,2007-01-31,9.0,2.4006401707122,2.7950310559006
SAU,2006-05-31,9.0,2.4006401707122,2.9032258064516
SAU,2006-01-31,0.0,0.0,0.0
SAU,2005-06-30,9.0,2.3999360017066,2.9411764705882
SAU,2004-05-31,2.4,0.63996586848701,0.82758620689655
SAU,2003-04-30,0.0,0.0,0.0
SAU,2002-04-30,0.0,0.0,0.0
SAU,2001-04-30,0.0,0.0,0.0
SAU,2000-04-30,0.0,0.0,0.0
SIN,2019-07-31,5.8,4.2606332182473,1.0104529616725
SIN,2019-01-31,5.8,4.2776015930378,1.0394265232975
SIN,2018-07-31,5.8,4.2777593391599,1.0526315789474
SIN,2018-01-31,5.8,4.3854674681487,1.0984848484848
SIN,2017-07-31,5.6,4.0647455904769,1.0566037735849
SIN,2017-01-31,5.6,3.892267593397,1.1067193675889
SIN,2016-07-31,5.45,4.0141415629373,1.0813492063492
SIN,2016-01-31,4.7,3.2701339363368,0.95334685598377
SIN,2015-07-31,4.7,3.4396955503513,0.9812108559499
SIN,2015-01-31,4.7,3.5254847541537,0.9812108559499
SIN,2014-07-31,4.7,3.7964458804523,0.98018769551616
SIN,2014-01-31,4.6,3.596981663213,0.99477383312309
SIN,2013-07-31,4.7,3.6871420726445,1.0314557425018
SIN,2013-01-31,4.5,3.6441673077702,1.0303622963723
SIN,2012-07-31,4.4,3.4962256654748,1.0167533217793
SIN,2012-01-31,4.85,3.751547029703,1.1555267534225
SIN,2011-07-31,4.41,3.6535354790605,1.0848708487085
SIN,2010-07-31,4.23,3.0781545626546,1.1330357142857
SIN,2010-01-31,4.45,3.1887069614131,1.2430167597765
SIN,2009-07-31,4.22,2.8815295322636,1.1820728291317
SIN,2008-06-30,3.95,2.9199778229532,1.1064425770308
SIN,2007-06-30,3.95,2.5922887612797,1.158357771261
SIN,2007-01-31,3.6,2.3407783087877,1.1180124223602
SIN,2006-05-31,3.6,2.2680022680023,1.1612903225806
SIN,2006-01-31,3.6,2.2014309301046,1.1428571428571
SIN,2005-06-30,3.6,2.1677605828867,1.1764705882353
SIN,2004-05-31,3.3,1.92,1.1379310344828
SIN,2003-04-30,3.3,1.85,1.2177121771218
SIN,2002-04-30,3.3,1.81,1.3253012048193
SIN,2001-04-30,3.3,1.82,1.2992125984252
SIN,2000-04-30,3.2,1.88,1.2749003984064
ZAF,2019-07-31,31.0,2.1869488536155,5.4006968641115
ZAF,2019-01-31,31.0,2.2354425815756,5.5555555555556
ZAF,2018-07-31,31.0,2.3200293371452,5.6261343012704
ZAF,2018-01-31,30.0,2.4473513539971,5.6818181818182
ZAF,2017-07-31,30.0,2.2607385079126,5.6603773584906
ZAF,2017-01-31,26.32,1.886400286687,5.201581027668
ZAF,2016-07-31,30.0,2.1017602241878,5.952380952381
ZAF,2016-01-31,28.0,1.7706110188918,5.6795131845842
ZAF,2015-07-31,26.0,2.0943167492982,5.4279749478079
ZAF,2015-01-31,25.5,2.2214962430578,5.3235908141962
ZAF,2014-07-31,24.5,2.3301155547102,5.1094890510949
ZAF,2014-01-31,23.5,2.1603930996125,5.0819967561723
ZAF,2013-07-31,22.5,2.2394187464232,4.9378200438917
ZAF,2013-01-31,20.9,2.3101580634464,4.7854604431512
ZAF,2012-07-31,19.95,2.3558447386134,4.6100519930676
ZAF,2012-01-31,19.95,2.4537538128505,4.7531461300575
ZAF,2011-07-31,19.45,2.8734570865066,4.7847478474785
ZAF,2010-07-31,18.45,2.4480859815564,4.9419642857143
ZAF,2010-01-31,17.95,2.4573892805805,5.0139664804469
ZAF,2009-07-31,17.95,2.1677434937504,5.0280112044818
ZAF,2008-06-30,16.95,2.2411000561928,4.7478991596639
ZAF,2007-06-30,15.5,2.2234973461483,4.5454545454545
ZAF,2007-01-31,15.5,2.1801047856816,4.8136645962733
ZAF,2006-05-31,13.95,2.1145975443383,4.5
ZAF,2006-01-31,13.95,2.2942946894068,4.4285714285714
ZAF,2005-06-30,13.95,2.0983123251406,4.5588235294118
ZAF,2004-05-31,12.4,1.86,4.2758620689655
ZAF,2003-04-30,13.95,1.74,5.1476014760148
ZAF,2002-04-30,9.7,0.87,3.8955823293173
ZAF,2001-04-30,9.7,1.19,3.8188976377953
ZAF,2000-04-30,9.0,1.34,3.5856573705179
KOR,2019-07-31,4500.0,3.811782643683,783.97212543554
KOR,2019-01-31,4500.0,4.0228857500447,806.45161290323
KOR,2018-07-31,4500.0,4.0322580645161,816.69691470054
KOR,2018-01-31,4400.0,4.1150339022679,833.33333333333
KOR,2017-07-31,4400.0,3.8439697724195,830.18867924528
KOR,2017-01-31,4400.0,3.6775460738017,869.5652173913
KOR,2016-07-31,4400.0,3.8564354266182,873.01587301587
KOR,2016-01-31,4300.0,3.5900647046546,872.21095334686
KOR,2015-07-31,4300.0,3.7603847835592,897.70354906054
KOR,2015-01-31,4100.0,3.7847318379027,855.94989561587
KOR,2014-07-31,4100.0,4.004884004884,855.05735140772
KOR,2014-01-31,3700.0,3.4666916518317,800.14417012074
KOR,2013-07-31,3900.0,3.4340054591882,855.8888076079
KOR,2013-01-31,3700.0,3.4086459844768,847.1867770172
KOR,2012-07-31,3700.0,3.2145960034752,854.99711149624
KOR,2012-01-31,3700.0,3.19309600863,881.535873745
KOR,2011-07-31,3700.0,3.503124408256,910.20910209102
KOR,2010-07-31,3400.0,2.8228652081863,910.71428571429
KOR,2010-01-31,3400.0,2.9811486190267,949.72067039106
KOR,2009-07-31,3400.0,2.586534804108,952.38095238095
KOR,2008-06-30,3200.0,3.1432640832965,896.35854341737
KOR,2007-06-30,2900.0,3.1436314363144,850.43988269795
KOR,2007-01-31,2900.0,3.0846141573153,900.62111801242
KOR,2006-05-31,2500.0,2.62494750105,806.45161290323
KOR,2006-01-31,2500.0,2.5576755844289,793.65079365079
KOR,2005-06-30,2500.0,2.4863252113376,816.99346405229
KOR,2004-05-31,3200.0,2.72,1103.4482758621
KOR,2003-04-30,3300.0,2.63,1217.7121771218
KOR,2002-04-30,3100.0,2.36,1244.9799196787
KOR,2001-04-30,3000.0,2.27,1181.1023622047
KOR,2000-04-30,3000.0,2.71,1195.219123506
LKA,2019-07-31,640.0,3.6430909349651,111.49825783972
LKA,2019-01-31,580.0,3.1825290131417,103.94265232975
LKA,2018-07-31,580.0,3.6416148678345,105.26315789474
LKA,2018-01-31,580.0,3.7711313394018,109.84848484848
LKA,2017-07-31,580.0,3.7729712148317,109.43396226415
LKA,2017-01-31,350.0,2.3324003731841,69.169960474308
LKA,2016-07-31,530.0,3.625170998632,105.15873015873
LKA,2016-01-31,350.0,2.4297119055883,70.993914807302
LKA,2015-07-31,350.0,2.6148673888681,73.068893528184
LKA,2015-01-31,350.0,2.654028436019,73.068893528184
LKA,2014-07-31,350.0,2.6870369659514,72.992700729927
LKA,2014-01-31,350.0,2.6758409785933,75.6893133898
LKA,2013-07-31,370.0,2.82874617737,81.199707388442
LKA,2013-01-31,350.0,2.7678924476078,80.139289717843
LKA,2012-07-31,290.0,2.2137404580153,67.013287117273
LKA,2012-01-31,290.0,2.5454226279294,69.0933522665
LKA,2011-07-31,280.0,2.5576615665677,68.880688806888
LKA,2010-07-31,210.0,1.8621148304145,56.25
LKA,2010-01-31,210.0,1.8283127285391,58.823529411765
LKA,2009-07-31,210.0,1.8283127285391,58.823529411765
LKA,2008-06-30,210.0,1.952580195258,58.823529411765
LKA,2007-06-30,210.0,1.8850987432675,61.58357771261
LKA,2007-01-31,190.0,1.8454664659317,59.006211180124
LKA,2006-05-31,190.0,1.8454664659317,61.290322580645
LKA,2006-01-31,0.0,0.0,0.0
LKA,2005-06-30,175.0,1.7509630296663,57.18954248366
LKA,2004-05-31,140.0,1.4141414141414,48.275862068966
LKA,2003-04-30,0.0,0.0,0.0
LKA,2002-04-30,0.0,0.0,0.0
LKA,2001-04-30,0.0,0.0,0.0
LKA,2000-04-30,0.0,0.0,0.0
SWE,2019-07-31,51.0,5.3825573479823,8.8850174216028
SWE,2019-01-31,52.0,5.8385964912281,9.3189964157706
SWE,2018-07-31,51.0,5.8268400246784,9.2558983666062
SWE,2018-01-31,49.1,6.1231106898788,9.2992424242424
SWE,2017-07-31,48.97,5.8189207013124,9.2396226415094
SWE,2017-01-31,48.0,5.2605333961675,9.4861660079051
SWE,2016-07-31,44.94,5.2287125429763,8.9166666666667
SWE,2016-01-31,45.0,5.2314327731825,9.1277890466531
SWE,2015-07-31,43.7,5.1275131561193,9.1231732776618
SWE,2015-01-31,40.7,4.9685953036398,8.4968684759917
SWE,2014-07-31,40.7,5.9537741369222,8.4880083420229
SWE,2014-01-31,40.7,6.2875107173478,8.8015858713282
SWE,2013-07-31,41.61,6.1568737700309,9.1316752011704
SWE,2013-01-31,40.559301380991,6.3880963556024,9.2868388689273
SWE,2012-07-31,39.973019865841,5.7286813514254,9.2369774386692
SWE,2012-01-31,41.0,5.9130635437999,9.76837049285
SWE,2011-07-31,48.4,7.6398535168582,11.906519065191
SWE,2010-07-31,48.4,6.5640024140339,12.964285714286
SWE,2010-01-31,39.0,5.5068411911721,10.893854748603
SWE,2009-07-31,39.0,4.9309976419716,10.924369747899
SWE,2008-06-30,38.0,6.3749297499518,10.644257703081
SWE,2007-06-30,33.0,4.8589076292212,9.6774193548387
SWE,2007-01-31,32.0,4.5446476122848,9.9378881987578
SWE,2006-05-31,33.0,4.5301356981557,10.645161290323
SWE,2006-01-31,33.0,4.2791011294234,10.47619047619
SWE,2005-06-30,31.0,4.1665546625091,10.130718954248
SWE,2004-05-31,30.0,3.94,10.344827586207
SWE,2003-04-30,30.0,3.5,11.070110701107
SWE,2002-04-30,26.0,2.52,10.441767068273
SWE,2001-04-30,24.0,2.33,9.4488188976378
SWE,2000-04-30,24.0,2.71,9.5617529880478
CHE,2019-07-31,6.5,6.5421971717578,1.1324041811847
CHE,2019-01-31,6.5,6.6215046095859,1.1648745519713
CHE,2018-07-31,6.5,6.54417316889,1.1796733212341
CHE,2018-01-31,6.5,6.7648436280377,1.2310606060606
CHE,2017-07-31,6.5,6.7416895711248,1.2264150943396
CHE,2017-01-31,6.5,6.3501367721766,1.2845849802372
CHE,2016-07-31,6.5,6.5916235675895,1.2896825396825
CHE,2016-01-31,6.5,6.4432989690722,1.3184584178499
CHE,2015-07-31,6.5,6.8219983207389,1.356993736952
CHE,2015-01-31,6.5,7.5436662217838,1.356993736952
CHE,2014-07-31,6.16,6.8262411347518,1.2846715328467
CHE,2014-01-31,6.5,7.1424646997418,1.4056586772391
CHE,2013-07-31,6.5,6.7190407277238,1.4264813460132
CHE,2013-01-31,6.5,7.1248492820344,1.4883010947599
CHE,2012-07-31,6.5,6.5616797900262,1.5020219526285
CHE,2012-01-31,6.5,6.805570097372,1.548644102525
CHE,2011-07-31,6.5,8.0630155678224,1.5990159901599
CHE,2010-07-31,6.5,6.1854689061236,1.7410714285714
CHE,2010-01-31,6.5,6.3036415652427,1.8156424581006
CHE,2009-07-31,6.5,5.9849914828967,1.8207282913165
CHE,2008-06-30,6.5,6.3591449395881,1.8207282913165
CHE,2007-06-30,6.3,5.2014531043593,1.8475073313783
CHE,2007-01-31,6.3,5.0460552663196,1.9565217391304
CHE,2006-05-31,6.3,5.2115647102618,2.0322580645161
CHE,2006-01-31,6.3,4.9311208515967,2.0
CHE,2005-06-30,6.3,5.0501002004008,2.0588235294118
CHE,2004-05-31,6.3,4.9,2.1724137931034
CHE,2003-04-30,6.3,4.52,2.3247232472325
CHE,2002-04-30,6.3,3.81,2.5301204819277
CHE,2001-04-30,6.3,3.65,2.4803149606299
CHE,2000-04-30,5.9,3.48,2.3505976095618
ROC,2019-07-31,72.0,2.309765173874,12.543554006969
ROC,2019-01-31,69.0,2.240041554394,12.365591397849
ROC,2018-07-31,69.0,2.2717919170302,12.522686025408
ROC,2018-01-31,69.0,2.3347883463608,13.068181818182
ROC,2017-07-31,69.0,2.2639652202444,13.018867924528
ROC,2017-01-31,69.0,2.1626704278326,13.636363636364
ROC,2016-07-31,69.0,2.1542976677386,13.690476190476
ROC,2016-01-31,69.0,2.0763432285633,13.995943204868
ROC,2015-07-31,79.0,2.5467440361057,16.492693110647
ROC,2015-01-31,79.0,2.5084939510367,16.492693110647
ROC,2014-07-31,79.0,2.6349142819025,16.475495307612
ROC,2014-01-31,79.0,2.619276549186,17.084159307983
ROC,2013-07-31,79.0,2.6308340409944,17.337234820775
ROC,2013-01-31,75.0,2.5422005287777,17.172704939538
ROC,2012-07-31,75.0,2.4838138133166,17.331022530329
ROC,2012-01-31,75.0,2.5017095014927,17.86897041375
ROC,2011-07-31,75.0,2.6010959284178,18.450184501845
ROC,2010-07-31,75.0,2.336048340627,20.089285714286
ROC,2010-01-31,75.0,2.3553427023632,20.949720670391
ROC,2009-07-31,75.0,2.2607044355021,21.008403361345
ROC,2008-06-30,75.0,2.4701523260601,21.008403361345
ROC,2007-06-30,75.0,2.2886437497139,21.994134897361
ROC,2007-01-31,75.0,2.2778697362227,23.291925465839
ROC,2006-05-31,75.0,2.3334681559379,24.193548387097
ROC,2006-01-31,75.0,2.3474545767539,23.809523809524
ROC,2005-06-30,75.0,2.4057738572574,24.509803921569
ROC,2004-05-31,75.0,2.24,25.862068965517
ROC,2003-04-30,70.0,2.01,25.830258302583
ROC,2002-04-30,70.0,2.01,28.112449799197
ROC,2001-04-30,70.0,2.13,27.55905511811
ROC,2000-04-30,70.0,2.29,27.888446215139
THA,2019-07-31,119.0,3.8601897656313,20.731707317073
THA,2019-01-31,119.0,3.7178786221979,21.326164874552
THA,2018-07-31,119.0,3.5875791377751,21.597096188748
THA,2018-01-31,119.0,3.7245696400626,22.537878787879
THA,2017-07-31,119.0,3.4962466763621,22.452830188679
THA,2017-01-31,119.0,3.345233744694,23.517786561265
THA,2016-07-31,119.0,3.4034034034034,23.611111111111
THA,2016-01-31,112.0,3.0922142462728,22.718052738337
THA,2015-07-31,108.0,3.1683168316832,22.546972860125
THA,2015-01-31,99.0,3.0363441190002,20.668058455115
THA,2014-07-31,99.0,3.1151667715544,20.646506777894
THA,2014-01-31,96.0,2.9201520912548,20.760497386917
THA,2013-07-31,89.0,2.845723421263,19.53182150695
THA,2013-01-31,87.0,2.9238783397748,19.920337729864
THA,2012-07-31,82.0,2.5867507886435,18.94858463316
THA,2012-01-31,78.0,2.4566929133858,18.5837292303
THA,2011-07-31,70.0,2.3529411764706,17.220172201722
THA,2010-07-31,70.0,2.1668472372698,18.75
THA,2010-01-31,70.0,2.112569790252,19.553072625698
THA,2009-07-31,64.49,1.8876042733792,18.064425770308
THA,2008-06-30,62.0,1.8585131894484,17.366946778711
THA,2007-06-30,62.0,1.7994485560877,18.181818181818
THA,2007-01-31,62.0,1.7563739376771,19.254658385093
THA,2006-05-31,60.0,1.5606710885681,19.354838709677
THA,2006-01-31,60.0,1.5092441202364,19.047619047619
THA,2005-06-30,60.0,1.480384900074,19.607843137255
THA,2004-05-31,59.0,1.45,20.344827586207
THA,2003-04-30,59.0,1.37,21.771217712177
THA,2002-04-30,55.0,1.27,22.088353413655
THA,2001-04-30,55.0,1.21,21.653543307087
THA,2000-04-30,55.0,1.45,21.91235059761
TUR,2019-07-31,13.99,2.4449493184201,2.4372822299652
TUR,2019-01-31,10.75,1.9968792956124,1.926523297491
TUR,2018-07-31,10.75,2.2841965471448,1.950998185118
TUR,2018-01-31,10.75,2.8270130963025,2.0359848484848
TUR,2017-07-31,10.75,3.006110093539,2.0283018867925
TUR,2017-01-31,10.75,2.7485522161001,2.1245059288538
TUR,2016-07-31,10.75,3.5326399500501,2.1329365079365
TUR,2016-01-31,10.25,3.4057682083998,2.079107505071
TUR,2015-07-31,10.25,3.8742109838606,2.1398747390397
TUR,2015-01-31,9.25,3.9640875099102,1.9311064718163
TUR,2014-07-31,9.25,4.4231918708906,1.9290928050052
TUR,2014-01-31,8.5,3.7584842254206,1.8381690394666
TUR,2013-07-31,8.5,4.3423842243735,1.865398683248
TUR,2013-01-31,8.45,4.7773851590106,1.9347914231879
TUR,2012-07-31,8.25,4.515846515956,1.9064124783362
TUR,2012-01-31,6.6,3.5427681902359,1.57246939641
TUR,2011-07-31,6.5,3.7728182952666,1.5990159901599
TUR,2010-07-31,5.95,3.890668933499,1.59375
TUR,2010-01-31,5.65,3.8316774609203,1.5782122905028
TUR,2009-07-31,5.65,3.6450437082675,1.5826330532213
TUR,2008-06-30,5.15,4.3177530915951,1.4425770308123
TUR,2007-06-30,4.75,3.6591942069178,1.3929618768328
TUR,2007-01-31,4.55,3.2275226103919,1.4130434782609
TUR,2006-05-31,4.2,2.7246188777165,1.3548387096774
TUR,2006-01-31,4.1,3.0677141788253,1.3015873015873
TUR,2005-06-30,4.0,2.9218407596786,1.3071895424837
TUR,2004-05-31,3950000.0,2.58,1362068.9655172
TUR,2003-04-30,3750000.0,2.28,1383763.8376384
TUR,2002-04-30,4000000.0,3.06,1606425.7028112
TUR,2001-04-30,0.0,0.0,0.0
TUR,2000-04-30,0.0,0.0,0.0
UAE,2018-01-31,14.0,3.8115981486523,2.6515151515152
UAE,2017-07-31,14.0,3.8115981486523,2.6415094339623
UAE,2017-01-31,13.0,3.5393411380343,2.5691699604743
UAE,2016-07-31,13.0,3.539244779614,2.5793650793651
UAE,2016-01-31,13.0,3.539244779614,2.6369168356998
UAE,2015-07-31,13.0,3.5393893192121,2.713987473904
UAE,2015-01-31,13.0,3.5392929581683,2.713987473904
UAE,2014-07-31,13.0,3.5392929581683,2.711157455683
UAE,2014-01-31,12.0,3.2670841274163,2.5950621733646
UAE,2013-07-31,12.0,3.2670841274163,2.6335040234089
UAE,2013-01-31,12.0,3.2670396536938,2.747632790326
UAE,2012-07-31,12.0,3.2671286023496,2.7729636048527
UAE,2012-01-31,12.0,3.2670841274163,2.8590352662
UAE,2011-07-31,12.0,3.2670396536938,2.9520295202952
UAE,2010-07-31,11.0,2.9949494261949,2.9464285714286
UAE,2010-01-31,11.0,2.9948271167983,3.072625698324
UAE,2009-07-31,10.0,2.7225701061802,2.8011204481793
UAE,2008-06-30,10.0,2.7226812965408,2.8011204481793
UAE,2007-06-30,10.0,2.7226812965408,2.9325513196481
UAE,2007-01-31,10.0,2.7228666339923,3.1055900621118
UAE,2006-05-31,9.0,2.450579970593,2.9032258064516
UAE,2006-01-31,0.0,0.0,0.0
UAE,2005-06-30,9.0,2.4506466984343,2.9411764705882
UAE,2004-05-31,0.0,0.0,0.0
UAE,2003-04-30,0.0,0.0,0.0
UAE,2002-04-30,0.0,0.0,0.0
UAE,2001-04-30,0.0,0.0,0.0
UAE,2000-04-30,0.0,0.0,0.0
UKR,2019-07-31,57.0,2.2224388341944,9.9303135888502
UKR,2019-01-31,54.0,1.9424460431655,9.6774193548387
UKR,2018-07-31,50.0,1.9084697889232,9.0744101633394
UKR,2018-01-31,47.0,1.6367752045969,8.9015151515152
UKR,2017-07-31,44.0,1.6978583831758,8.3018867924528
UKR,2017-01-31,42.0,1.5421332843767,8.300395256917
UKR,2016-07-31,39.0,1.5725806451613,7.7380952380952
UKR,2016-01-31,36.0,1.541755888651,7.3022312373225
UKR,2015-07-31,34.0,1.5489749430524,7.098121085595
UKR,2015-01-31,19.0,1.2008595626343,3.9665970772443
UKR,2014-07-31,19.0,1.6260162601626,3.9624608967675
UKR,2014-01-31,19.0,2.2675736961451,4.1088484411606
UKR,2013-07-31,19.0,2.3298589822195,4.1697147037308
UKR,2013-01-31,19.0,2.3330058939096,4.3504185846829
UKR,2012-07-31,15.0,1.8551728402696,3.4662045060659
UKR,2012-01-31,17.0,2.1142963746036,4.05029996045
UKR,2011-07-31,16.5,2.064048036027,4.0590405904059
UKR,2010-07-31,14.5,1.8356754019496,3.8839285714286
UKR,2010-01-31,14.0,1.8276762402089,3.921568627451
UKR,2009-07-31,14.0,1.8276762402089,3.921568627451
UKR,2008-06-30,11.0,2.3913043478261,3.0812324929972
UKR,2007-06-30,9.25,1.8398806563899,2.7126099706745
UKR,2007-01-31,9.0,1.7821782178218,2.7950310559006
UKR,2006-05-31,8.5,1.6831683168317,2.741935483871
UKR,2006-01-31,0.0,0.0,0.0
UKR,2005-06-30,7.25,1.4328063241107,2.3692810457516
UKR,2004-05-31,7.25,1.3598424458408,2.5
UKR,2003-04-30,0.0,0.0,0.0
UKR,2002-04-30,0.0,0.0,0.0
UKR,2001-04-30,0.0,0.0,0.0
UKR,2000-04-30,0.0,0.0,0.0
USA,2019-07-31,5.74,5.74,1.0
USA,2019-01-31,5.58,5.58,1.0
USA,2018-07-31,5.51,5.51,1.0
USA,2018-01-31,5.28,5.28,1.0
USA,2017-07-31,5.3,5.3,1.0
USA,2017-01-31,5.06,5.06,1.0
USA,2016-07-31,5.04,5.04,1.0
USA,2016-01-31,4.93,4.93,1.0
USA,2015-07-31,4.79,4.79,1.0
USA,2015-01-31,4.79,4.79,1.0
USA,2014-07-31,4.795,4.795,1.0
USA,2014-01-31,4.6241666666667,4.6241666666667,1.0
USA,2013-07-31,4.5566666666667,4.5566666666667,1.0
USA,2013-01-31,4.3673958333333,4.3673958333333,1.0
USA,2012-07-31,4.3275,4.3275,1.0
USA,2012-01-31,4.19722,4.19722,1.0
USA,2011-07-31,4.065,4.065,1.0
USA,2010-07-31,3.7333333333333,3.73,1.0
USA,2010-01-31,3.58,3.58,1.0
USA,2009-07-31,3.57,3.57,1.0
USA,2008-06-30,3.57,3.57,1.0
USA,2007-06-30,3.41,3.41,1.0
USA,2007-01-31,3.22,3.22,1.0
USA,2006-05-31,3.1,3.1,1.0
USA,2006-01-31,3.15,3.15,1.0
USA,2005-06-30,3.06,3.06,1.0
USA,2004-05-31,2.9,2.9,1.0
USA,2003-04-30,2.71,2.71,1.0
USA,2002-04-30,2.49,2.49,1.0
USA,2001-04-30,2.54,2.54,1.0
USA,2000-04-30,2.51,2.51,1.0
URY,2019-07-31,164.0,4.6631314064744,28.571428571429
URY,2019-01-31,140.0,4.3063672716087,25.089605734767
URY,2018-07-31,140.0,4.4714148834238,25.40834845735
URY,2018-01-31,140.0,4.8985304408677,26.515151515152
URY,2017-07-31,130.0,4.5288277303606,24.528301886792
URY,2017-01-31,125.0,4.3516100957354,24.703557312253
URY,2016-07-31,123.0,4.0775733465937,24.404761904762
URY,2016-01-31,113.0,3.7435812489647,22.920892494929
URY,2015-07-31,113.0,4.1323825196562,23.590814196242
URY,2015-01-31,113.0,4.6264073694985,23.590814196242
URY,2014-07-31,113.0,4.9194601654332,23.566214807091
URY,2014-01-31,105.0,4.911131898971,22.70679401694
URY,2013-07-31,105.0,4.9798434906332,23.043160204828
URY,2013-01-31,105.0,5.4460580912863,24.041786915353
URY,2012-07-31,99.0,4.5267489711934,22.876949740035
URY,2012-01-31,90.0,4.6272493573265,21.4427644965
URY,2011-07-31,90.0,4.8780487804878,22.140221402214
URY,2010-07-31,79.0,3.7440758293839,21.160714285714
URY,2010-01-31,77.0,3.3232628398792,21.56862745098
URY,2009-07-31,61.0,2.6327147173069,17.086834733894
URY,2008-06-30,61.0,3.1853785900783,17.086834733894
URY,2007-06-30,62.0,2.5892670703696,18.181818181818
URY,2007-01-31,55.0,2.2988505747126,17.080745341615
URY,2006-05-31,42.28,1.7671891327064,13.638709677419
URY,2006-01-31,0.0,0.0,0.0
URY,2005-06-30,44.0,1.8238341968912,14.37908496732
URY,2004-05-31,29.8,1.0021859761224,10.275862068966
URY,2003-04-30,0.0,0.0,0.0
URY,2002-04-30,0.0,0.0,0.0
URY,2001-04-30,0.0,0.0,0.0
URY,2000-04-30,0.0,0.0,0.0
VEN,2017-07-31,10950.0,4.0555555555556,2066.0377358491
VEN,2017-01-31,3550.0,5.2467859002457,701.58102766798
VEN,2016-07-31,2170.0,3.3832236695941,430.55555555556
VEN,2016-01-31,132.0,0.66432274812203,26.774847870183
VEN,2015-07-31,132.0,0.67005076142132,27.557411273486
VEN,2015-01-31,132.0,2.5334871339159,27.557411273486
VEN,2014-07-31,75.0,6.8181818181818,15.641293013556
VEN,2014-01-31,45.0,7.1518253047472,9.7314831501171
VEN,2013-07-31,45.0,7.1518253047472,9.8756400877835
VEN,2013-01-31,39.0,9.081065977437,8.9298065685596
VEN,2012-07-31,34.0,7.9168267495605,7.8567302137493
VEN,2012-01-31,30.0,6.9854353672593,7.1475881655
VEN,2011-07-31,28.0,6.5197396761086,6.8880688806888
VEN,2010-07-31,0.0,0.0,0.0
VEN,2010-01-31,0.0,0.0,0.0
VEN,2009-07-31,0.0,0.0,0.0
VEN,2008-06-30,0.0,0.0,0.0
VEN,2007-06-30,7400.0,3.4461882363899,2170.0879765396
VEN,2007-01-31,6800.0,1.6483737580837,2111.801242236
VEN,2006-05-31,5701.25,2.2627779233047,1839.1129032258
VEN,2006-01-31,5900.0,2.2554206550659,1873.0158730159
VEN,2005-06-30,5600.0,2.12958526327,1830.0653594771
VEN,2004-05-31,4400.0,1.48,1517.2413793103
VEN,2003-04-30,3700.0,2.32,1365.3136531365
VEN,2002-04-30,2500.0,2.92,1004.016064257
VEN,2001-04-30,0.0,0.0,0.0
VEN,2000-04-30,0.0,0.0,0.0
AUT,2018-01-31,3.4,4.16245,0.64393939393939
AUT,2017-07-31,3.4,3.88263,0.64150943396226
AUT,2017-01-31,3.4,3.55929,0.67193675889328
AUT,2016-07-31,3.6,3.96342,0.71428571428571
AUT,2016-01-31,3.5,3.7625,0.70993914807302
AUT,2015-07-31,3.39,3.7142535,0.70772442588727
AUT,2015-01-31,3.39,3.9278235,0.70772442588727
AUT,2014-07-31,3.39,4.5641265,0.70698644421272
AUT,2014-01-31,3.39,4.5983655,0.73310506397549
AUT,2013-07-31,3.39,4.3586925,0.74396488661302
AUT,2013-01-31,3.39,4.6000605,0.77620626326711
AUT,2012-07-31,3.19,3.8673965,0.73714615829001
AUT,2012-01-31,3.09,3.9201285,0.7362015810465
AUT,2011-07-31,3.09,4.4299785,0.76014760147601
BEL,2018-01-31,4.1,5.019425,0.77651515151515
BEL,2017-07-31,4.05,4.6248975,0.76415094339623
BEL,2017-01-31,3.95,4.1350575,0.78063241106719
BEL,2016-07-31,3.95,4.3487525,0.78373015873016
BEL,2016-01-31,3.95,4.24625,0.80121703853955
BEL,2015-07-31,3.7,4.053905,0.77244258872651
BEL,2015-01-31,3.7,4.287005,0.77244258872651
BEL,2014-07-31,3.7,4.981495,0.77163712200209
BEL,2014-01-31,3.95,5.3579775,0.85420796539917
BEL,2013-07-31,3.7,4.757275,0.81199707388442
BEL,2013-01-31,3.8,5.15641,0.87008371693658
BEL,2012-07-31,3.8,4.60693,0.87810514153668
BEL,2012-01-31,3.7,4.694005,0.881535873745
BEL,2011-07-31,3.75,5.3761875,0.92250922509225
EST,2018-01-31,3.15,3.8563875,0.59659090909091
EST,2017-07-31,3.15,3.5971425,0.59433962264151
EST,2017-01-31,3.1,3.245235,0.61264822134387
EST,2016-07-31,3.1,3.412945,0.61507936507937
EST,2016-01-31,3.0,3.225,0.60851926977688
EST,2015-07-31,2.95,3.2321675,0.61586638830898
EST,2015-01-31,2.9,3.360085,0.60542797494781
EST,2014-07-31,2.9,3.904415,0.60479666319082
EST,2014-01-31,2.8,3.79806,0.6055145071184
EST,2013-07-31,2.75,3.5358125,0.60351133869788
EST,2013-01-31,2.7,3.663765,0.61821737782336
EST,2012-07-31,2.04,2.473194,0.47140381282496
EST,2012-01-31,2.04,2.588046,0.486035995254
EST,2011-07-31,2.2,3.15403,0.54120541205412
FIN,2018-01-31,4.56,5.58258,0.86363636363636
FIN,2017-07-31,4.56,5.207292,0.86037735849057
FIN,2017-01-31,4.55,4.7631675,0.89920948616601
FIN,2016-07-31,4.6,5.06437,0.91269841269841
FIN,2016-01-31,4.1,4.4075,0.8316430020284
FIN,2015-07-31,4.1,4.492165,0.85594989561587
FIN,2015-01-31,4.1,4.750465,0.85594989561587
FIN,2014-07-31,4.1,5.520035,0.85505735140772
FIN,2014-01-31,4.1,5.561445,0.88664624256623
FIN,2013-07-31,4.1,5.271575,0.89978054133138
FIN,2013-01-31,3.75,5.0885625,0.85863524697689
FIN,2012-07-31,3.75,4.5463125,0.86655112651646
FIN,2012-01-31,3.75,4.7574375,0.8934485206875
FIN,2011-07-31,3.75,5.3761875,0.92250922509225
FRA,2018-01-31,4.2,5.14185,0.79545454545455
FRA,2017-07-31,4.1,4.681995,0.77358490566038
FRA,2017-01-31,4.1,4.292085,0.8102766798419
FRA,2016-07-31,4.1,4.513895,0.81349206349206
FRA,2016-01-31,4.1,4.4075,0.8316430020284
FRA,2015-07-31,4.1,4.492165,0.85594989561587
FRA,2015-01-31,3.9,4.518735,0.81419624217119
FRA,2014-07-31,3.9,5.250765,0.8133472367049
FRA,2014-01-31,3.8,5.15451,0.82176968823211
FRA,2013-07-31,3.9,5.014425,0.8558888076079
FRA,2013-01-31,3.6,4.88502,0.82428983709781
FRA,2012-07-31,3.6,4.36446,0.83188908145581
FRA,2012-01-31,3.6,4.56714,0.85771057986
FRA,2011-07-31,3.5,5.017775,0.8610086100861
DEU,2018-01-31,3.9,4.774575,0.73863636363636
DEU,2017-07-31,3.9,4.453605,0.73584905660377
DEU,2017-01-31,3.79,3.9675615,0.74901185770751
DEU,2016-07-31,3.79,4.1726005,0.75198412698413
DEU,2016-01-31,3.59,3.85925,0.72819472616633
DEU,2015-07-31,3.59,3.9333835,0.74947807933194
DEU,2015-01-31,3.67,4.2522455,0.76617954070981
DEU,2014-07-31,3.67,4.9411045,0.76538060479666
DEU,2014-01-31,3.67,4.9781715,0.79365651468733
DEU,2013-07-31,3.64,4.68013,0.79882955376737
DEU,2013-01-31,3.64,4.939298,0.83344861306557
DEU,2012-07-31,3.64,4.412954,0.84113229347198
DEU,2012-01-31,3.53,4.4783345,0.8410328741405
DEU,2011-07-31,3.4,4.87441,0.83640836408364
GRC,2018-01-31,3.35,4.1012375,0.6344696969697
GRC,2017-07-31,3.35,3.8255325,0.63207547169811
GRC,2017-01-31,3.35,3.5069475,0.66205533596838
GRC,2016-07-31,3.35,3.6881825,0.66468253968254
GRC,2016-01-31,3.35,3.60125,0.67951318458418
GRC,2015-07-31,3.05,3.3417325,0.63674321503132
GRC,2015-01-31,3.05,3.5338825,0.63674321503132
GRC,2014-07-31,3.05,4.1063675,0.63607924921794
GRC,2014-01-31,3.05,4.1371725,0.65957830239683
GRC,2013-07-31,2.6,3.34295,0.57059253840527
GRC,2013-01-31,3.3,4.477935,0.75559901733966
GRC,2012-07-31,2.683,3.25273505,0.61998844598498
GRC,2012-01-31,3.3,4.186545,0.786234698205
GRC,2011-07-31,3.26,4.673699,0.8019680196802
IRL,2018-01-31,4.07,4.9826975,0.77083333333333
IRL,2017-07-31,4.07,4.6477365,0.76792452830189
IRL,2017-01-31,4.0,4.1874,0.79051383399209
IRL,2016-07-31,4.0,4.4038,0.79365079365079
IRL,2016-01-31,3.95,4.24625,0.80121703853955
IRL,2015-07-31,3.7,4.053905,0.77244258872651
IRL,2015-01-31,3.49,4.0436885,0.7286012526096
IRL,2014-07-31,3.49,4.6987615,0.72784150156413
IRL,2014-01-31,3.46,4.693317,0.74824292665345
IRL,2013-07-31,3.46,4.448695,0.75932699341624
IRL,2013-01-31,3.49,4.7357555,0.79910320318649
IRL,2012-07-31,3.49,4.2311015,0.80647024841132
IRL,2012-01-31,3.8,4.82087,0.90536116763
IRL,2011-07-31,3.8,5.44787,0.93480934809348
ITA,2018-01-31,4.2,5.14185,0.79545454545455
ITA,2017-07-31,4.2,4.79619,0.79245283018868
ITA,2017-01-31,4.2,4.39677,0.8300395256917
ITA,2016-07-31,4.2,4.62399,0.83333333333333
ITA,2016-01-31,4.0,4.3,0.81135902636917
ITA,2015-07-31,4.0,4.3826,0.83507306889353
ITA,2015-01-31,3.85,4.4608025,0.80375782881002
ITA,2014-07-31,3.85,5.1834475,0.8029197080292
ITA,2014-01-31,3.85,5.2223325,0.8325824472878
ITA,2013-07-31,3.75,4.8215625,0.82297000731529
ITA,2013-01-31,3.85,5.2242575,0.88153218689627
ITA,2012-07-31,3.6,4.36446,0.83188908145581
ITA,2012-01-31,3.5,4.440275,0.833885285975
ITA,2011-07-31,3.5,5.017775,0.8610086100861
NLD,2018-01-31,3.71,4.5419675,0.70265151515152
NLD,2017-07-31,3.61,4.1224395,0.6811320754717
NLD,2017-01-31,3.61,3.7791285,0.71343873517787
NLD,2016-07-31,3.45,3.7982775,0.68452380952381
NLD,2016-01-31,3.45,3.70875,0.69979716024341
NLD,2015-07-31,3.45,3.7799925,0.72025052192067
NLD,2015-01-31,3.45,3.9973425,0.72025052192067
NLD,2014-07-31,3.45,4.6449075,0.71949947862357
NLD,2014-01-31,3.45,4.6797525,0.74608037484231
NLD,2013-07-31,3.45,4.4358375,0.75713240673007
NLD,2013-01-31,3.45,4.6814775,0.78994442721874
NLD,2012-07-31,3.38,4.097743,0.78105141536684
NLD,2012-01-31,3.25,4.1231125,0.7743220512625
NLD,2011-07-31,3.25,4.6593625,0.79950799507995
PRT,2018-01-31,3.2,3.9176,0.60606060606061
PRT,2017-07-31,3.25,3.7113375,0.61320754716981
PRT,2017-01-31,3.05,3.1928925,0.60276679841897
PRT,2016-07-31,3.05,3.3578975,0.60515873015873
PRT,2016-01-31,3.0,3.225,0.60851926977688
PRT,2015-07-31,3.0,3.28695,0.62630480167015
PRT,2015-01-31,3.0,3.47595,0.62630480167015
PRT,2014-07-31,3.0,4.03905,0.62565172054223
PRT,2014-01-31,3.0,4.06935,0.64876554334114
PRT,2013-07-31,2.95,3.7929625,0.64740307242136
PRT,2013-01-31,2.95,4.0030025,0.67545972762182
PRT,2012-07-31,4.95,6.0011325,1.1438474870017
PRT,2012-01-31,2.9,3.679085,0.690933522665
PRT,2011-07-31,2.9,4.157585,0.71340713407134
ESP,2018-01-31,3.95,4.8357875,0.74810606060606
ESP,2017-07-31,3.8,4.33941,0.71698113207547
ESP,2017-01-31,3.95,4.1350575,0.78063241106719
ESP,2016-07-31,3.5,3.853325,0.69444444444444
ESP,2016-01-31,3.5,3.7625,0.70993914807302
ESP,2015-07-31,3.65,3.9991225,0.76200417536534
ESP,2015-01-31,3.65,4.2290725,0.76200417536534
ESP,2014-07-31,3.65,4.9141775,0.76120959332638
ESP,2014-01-31,3.65,4.9510425,0.78933141106506
ESP,2013-07-31,3.5,4.500125,0.76810534016094
ESP,2013-01-31,3.5,4.749325,0.80139289717843
ESP,2012-07-31,3.5,4.243225,0.80878105141537
ESP,2012-01-31,3.5,4.440275,0.833885285975
ESP,2011-07-31,3.5,5.017775,0.8610086100861
LVA,2018-01-31,2.7,3.305475,0.51136363636364
LVA,2015-07-31,2.45,2.6843425,0.51148225469729
LVA,2013-07-31,1.69,3.0932552393155,0.37088514996342
LVA,2013-01-31,1.69,3.2799611838913,0.38695828463758
LVA,2012-07-31,1.69,2.9422005571031,0.39052570768342
LVA,2012-01-31,1.65,2.9980921231943,0.3931173491025
LVA,2011-07-31,1.6,3.2339565437089,0.39360393603936
LVA,2010-07-31,1.55,2.8034002532103,0.41517857142857
LVA,2010-01-31,1.55,3.0894957145705,0.43417366946779
LVA,2009-07-31,1.55,3.0894957145705,0.43417366946779
LVA,2008-06-30,1.55,3.4965034965035,0.43417366946779
LVA,2007-06-30,1.39,2.720688980231,0.40762463343109
LVA,2007-01-31,1.35,2.4653031409788,0.41925465838509
LVA,2006-05-31,1.35,2.4653031409788,0.43548387096774
LVA,2006-01-31,0.0,0.0,0.0
LVA,2005-06-30,1.09,1.9220596014812,0.3562091503268
LVA,2004-05-31,1.09,1.9970685232686,0.37586206896552
LVA,2003-04-30,0.0,0.0,0.0
LVA,2002-04-30,0.0,0.0,0.0
LVA,2001-04-30,0.0,0.0,0.0
LVA,2000-04-30,0.0,0.0,0.0
